{"type":"metric.1","time":"2025-08-23T17:27:18.248446715-07:00","metricName":"go.runtime.MemStats.Alloc","metricType":"gauge","tags":{},"values":{"value":1169496}}
{"type":"metric.1","time":"2025-08-23T17:27:18.266776354-07:00","metricName":"go.runtime.MemStats.GCCPUFraction","metricType":"gauge","tags":{},"values":{"value":0}}
{"type":"metric.1","time":"2025-08-23T17:27:18.267579917-07:00","metricName":"go.runtime.MemStats.HeapAlloc","metricType":"gauge","tags":{},"values":{"value":1169496}}
{"type":"metric.1","time":"2025-08-23T17:27:18.269399687-07:00","metricName":"go.runtime.MemStats.HeapIdle","metricType":"gauge","tags":{},"values":{"value":1564672}}
{"metricType":"gauge","type":"metric.1","time":"2025-08-23T17:27:18.270128296-07:00","metricName":"go.runtime.MemStats.HeapInuse","tags":{},"values":{"value":2105344}}
{"type":"metric.1","time":"2025-08-23T17:27:18.27201889-07:00","metricName":"go.runtime.MemStats.HeapObjects","metricType":"gauge","tags":{},"values":{"value":6341}}
{"type":"metric.1","time":"2025-08-23T17:27:18.273225467-07:00","metricName":"go.runtime.MemStats.HeapReleased","metricType":"gauge","tags":{},"values":{"value":1499136}}
{"type":"metric.1","time":"2025-08-23T17:27:18.274007107-07:00","metricName":"go.runtime.MemStats.HeapSys","metricType":"gauge","tags":{},"values":{"value":3670016}}
{"type":"metric.1","time":"2025-08-23T17:27:18.274597895-07:00","metricName":"go.runtime.MemStats.NumGC","metricType":"gauge","tags":{},"values":{"value":0}}
{"type":"metric.1","time":"2025-08-23T17:27:18.275168352-07:00","metricName":"go.runtime.MemStats.PauseNs","metricType":"histogram","tags":{},"values":{"count":0,"max":0,"p95":0,"p99":0}}
{"type":"metric.1","time":"2025-08-23T17:27:18.275750939-07:00","metricName":"go.runtime.MemStats.StackInuse","metricType":"gauge","tags":{},"values":{"value":524288}}
{"type":"metric.1","time":"2025-08-23T17:27:18.276601014-07:00","metricName":"go.runtime.NumGoroutine","metricType":"gauge","tags":{},"values":{"value":8}}
{"time":"2025-08-23T17:27:18.277540536-07:00","metricName":"go.runtime.NumThread","metricType":"gauge","type":"metric.1","tags":{},"values":{"value":8}}
{"metricName":"go.runtime.ReadMemStats","metricType":"timer","type":"metric.1","time":"2025-08-23T17:27:18.27819516-07:00","tags":{},"values":{"count":0,"max":0,"p95":0,"p99":0}}
{"type":"metric.1","time":"2025-08-23T17:27:18.278766009-07:00","metricName":"go.runtime.ReadMemStats","metricType":"timer","tags":{},"values":{"count":1,"max":1130589,"p95":1130589,"p99":1130589}}
{"type":"metric.1","time":"2025-08-23T17:27:18.279335721-07:00","metricName":"logging.sls.length","metricType":"histogram","tags":{"type":"service"},"values":{"count":0,"max":0,"p95":0,"p99":0}}
{"type":"metric.1","time":"2025-08-23T17:27:18.279972953-07:00","metricName":"logging.sls.length","metricType":"histogram","tags":{"type":"service"},"values":{"count":4,"max":215,"p95":215,"p99":215}}
{"metricName":"logging.sls","metricType":"meter","type":"metric.1","time":"2025-08-23T17:27:18.280662594-07:00","tags":{"level":"debug","type":"service.1"},"values":{"count":0}}
{"time":"2025-08-23T17:27:18.281297155-07:00","metricName":"logging.sls","metricType":"meter","type":"metric.1","tags":{"level":"debug","type":"service.1"},"values":{"count":1}}
{"type":"metric.1","time":"2025-08-23T17:27:18.281815671-07:00","metricName":"logging.sls","metricType":"meter","tags":{"level":"info","type":"service.1"},"values":{"count":0}}
{"metricType":"meter","type":"metric.1","time":"2025-08-23T17:27:18.282461478-07:00","metricName":"logging.sls","tags":{"level":"info","type":"service.1"},"values":{"count":4}}
{"time":"2025-08-23T17:27:18.28313168-07:00","metricName":"server.metric_cardinality","metricType":"gauge","type":"metric.1","tags":{},"values":{"value":27}}
{"time":"2025-08-23T17:27:18.283657306-07:00","metricName":"server.uptime","metricType":"gauge","type":"metric.1","tags":{"go_arch":"amd64","go_os":"linux","go_version":"go1.25.0"},"values":{"value":27193671}}
{"type":"metric.1","time":"2025-08-23T17:28:07.679943641-07:00","metricName":"go.runtime.MemStats.Alloc","metricType":"gauge","tags":{},"values":{"value":1170800}}
{"type":"metric.1","time":"2025-08-23T17:28:07.690731237-07:00","metricName":"go.runtime.MemStats.GCCPUFraction","metricType":"gauge","tags":{},"values":{"value":0}}
{"type":"metric.1","time":"2025-08-23T17:28:07.691353891-07:00","metricName":"go.runtime.MemStats.HeapAlloc","metricType":"gauge","tags":{},"values":{"value":1170800}}
{"type":"metric.1","time":"2025-08-23T17:28:07.691768369-07:00","metricName":"go.runtime.MemStats.HeapIdle","metricType":"gauge","tags":{},"values":{"value":1253376}}
{"type":"metric.1","time":"2025-08-23T17:28:07.692606107-07:00","metricName":"go.runtime.MemStats.HeapInuse","metricType":"gauge","tags":{},"values":{"value":2383872}}
{"metricName":"go.runtime.MemStats.HeapObjects","metricType":"gauge","type":"metric.1","time":"2025-08-23T17:28:07.693765575-07:00","tags":{},"values":{"value":6343}}
{"type":"metric.1","time":"2025-08-23T17:28:07.694187265-07:00","metricName":"go.runtime.MemStats.HeapReleased","metricType":"gauge","tags":{},"values":{"value":1187840}}
{"type":"metric.1","time":"2025-08-23T17:28:07.694935694-07:00","metricName":"go.runtime.MemStats.HeapSys","metricType":"gauge","tags":{},"values":{"value":3637248}}
{"type":"metric.1","time":"2025-08-23T17:28:07.695759658-07:00","metricName":"go.runtime.MemStats.NumGC","metricType":"gauge","tags":{},"values":{"value":0}}
{"metricType":"histogram","type":"metric.1","time":"2025-08-23T17:28:07.696451877-07:00","metricName":"go.runtime.MemStats.PauseNs","tags":{},"values":{"count":0,"max":0,"p95":0,"p99":0}}
{"metricType":"gauge","type":"metric.1","time":"2025-08-23T17:28:07.697070959-07:00","metricName":"go.runtime.MemStats.StackInuse","tags":{},"values":{"value":557056}}
{"type":"metric.1","time":"2025-08-23T17:28:07.697545989-07:00","metricName":"go.runtime.NumGoroutine","metricType":"gauge","tags":{},"values":{"value":8}}
{"time":"2025-08-23T17:28:07.698054568-07:00","metricName":"go.runtime.NumThread","metricType":"gauge","type":"metric.1","tags":{},"values":{"value":8}}
{"type":"metric.1","time":"2025-08-23T17:28:07.698937924-07:00","metricName":"go.runtime.ReadMemStats","metricType":"timer","tags":{},"values":{"count":0,"max":0,"p95":0,"p99":0}}
{"type":"metric.1","time":"2025-08-23T17:28:07.699490949-07:00","metricName":"go.runtime.ReadMemStats","metricType":"timer","tags":{},"values":{"count":1,"max":1061834,"p95":1061834,"p99":1061834}}
{"metricName":"logging.sls.length","metricType":"histogram","type":"metric.1","time":"2025-08-23T17:28:07.700349662-07:00","tags":{"type":"service"},"values":{"count":0,"max":0,"p95":0,"p99":0}}
{"type":"metric.1","time":"2025-08-23T17:28:07.700970544-07:00","metricName":"logging.sls.length","metricType":"histogram","tags":{"type":"service"},"values":{"count":4,"max":217,"p95":217,"p99":217}}
{"time":"2025-08-23T17:28:07.701574795-07:00","metricName":"logging.sls","metricType":"meter","type":"metric.1","tags":{"level":"debug","type":"service.1"},"values":{"count":0}}
{"metricType":"meter","type":"metric.1","time":"2025-08-23T17:28:07.702127857-07:00","metricName":"logging.sls","tags":{"level":"debug","type":"service.1"},"values":{"count":1}}
{"type":"metric.1","time":"2025-08-23T17:28:07.704345258-07:00","metricName":"logging.sls","metricType":"meter","tags":{"level":"info","type":"service.1"},"values":{"count":0}}
{"metricName":"logging.sls","metricType":"meter","type":"metric.1","time":"2025-08-23T17:28:07.705949871-07:00","tags":{"level":"info","type":"service.1"},"values":{"count":4}}
{"type":"metric.1","time":"2025-08-23T17:28:07.706542953-07:00","metricName":"server.metric_cardinality","metricType":"gauge","tags":{},"values":{"value":27}}
{"type":"metric.1","time":"2025-08-23T17:28:07.706967243-07:00","metricName":"server.uptime","metricType":"gauge","tags":{"go_arch":"amd64","go_os":"linux","go_version":"go1.25.0"},"values":{"value":2017495}}
{"type":"metric.1","time":"2025-08-23T17:28:45.26328454-07:00","metricName":"go.runtime.MemStats.Alloc","metricType":"gauge","tags":{},"values":{"value":1025792}}
{"type":"metric.1","time":"2025-08-23T17:28:45.274100631-07:00","metricName":"go.runtime.MemStats.GCCPUFraction","metricType":"gauge","tags":{},"values":{"value":0.000037600892246753985}}
{"metricName":"go.runtime.MemStats.HeapAlloc","metricType":"gauge","type":"metric.1","time":"2025-08-23T17:28:45.27746928-07:00","tags":{},"values":{"value":1025792}}
{"type":"metric.1","time":"2025-08-23T17:28:45.278070884-07:00","metricName":"go.runtime.MemStats.HeapIdle","metricType":"gauge","tags":{},"values":{"value":4907008}}
{"type":"metric.1","time":"2025-08-23T17:28:45.278621371-07:00","metricName":"go.runtime.MemStats.HeapInuse","metricType":"gauge","tags":{},"values":{"value":2662400}}
{"time":"2025-08-23T17:28:45.279337833-07:00","metricName":"go.runtime.MemStats.HeapObjects","metricType":"gauge","type":"metric.1","tags":{},"values":{"value":3064}}
{"type":"metric.1","time":"2025-08-23T17:28:45.279767129-07:00","metricName":"go.runtime.MemStats.HeapReleased","metricType":"gauge","tags":{},"values":{"value":3358720}}
{"time":"2025-08-23T17:28:45.280559353-07:00","metricName":"go.runtime.MemStats.HeapSys","metricType":"gauge","type":"metric.1","tags":{},"values":{"value":7569408}}
{"type":"metric.1","time":"2025-08-23T17:28:45.281405083-07:00","metricName":"go.runtime.MemStats.NumGC","metricType":"gauge","tags":{},"values":{"value":1}}
{"metricName":"go.runtime.MemStats.PauseNs","metricType":"histogram","type":"metric.1","time":"2025-08-23T17:28:45.282835957-07:00","tags":{},"values":{"count":0,"max":0,"p95":0,"p99":0}}
{"type":"metric.1","time":"2025-08-23T17:28:45.283732975-07:00","metricName":"go.runtime.MemStats.PauseNs","metricType":"histogram","tags":{},"values":{"count":1,"max":282014,"p95":282014,"p99":282014}}
{"type":"metric.1","time":"2025-08-23T17:28:45.28423325-07:00","metricName":"go.runtime.MemStats.StackInuse","metricType":"gauge","tags":{},"values":{"value":819200}}
{"time":"2025-08-23T17:28:45.284810527-07:00","metricName":"go.runtime.NumGoroutine","metricType":"gauge","type":"metric.1","tags":{},"values":{"value":12}}
{"type":"metric.1","time":"2025-08-23T17:28:45.285358385-07:00","metricName":"go.runtime.NumThread","metricType":"gauge","tags":{},"values":{"value":11}}
{"type":"metric.1","time":"2025-08-23T17:28:45.285998392-07:00","metricName":"go.runtime.ReadMemStats","metricType":"timer","tags":{},"values":{"count":0,"max":0,"p95":0,"p99":0}}
{"type":"metric.1","time":"2025-08-23T17:28:45.286662886-07:00","metricName":"go.runtime.ReadMemStats","metricType":"timer","tags":{},"values":{"count":1,"max":227320,"p95":227320,"p99":227320}}
{"type":"metric.1","time":"2025-08-23T17:28:45.288741945-07:00","metricName":"logging.sls.length","metricType":"histogram","tags":{"type":"request"},"values":{"count":0,"max":0,"p95":0,"p99":0}}
{"type":"metric.1","time":"2025-08-23T17:28:45.289254913-07:00","metricName":"logging.sls.length","metricType":"histogram","tags":{"type":"request"},"values":{"count":2,"max":1064,"p95":1064,"p99":1064}}
{"metricType":"histogram","type":"metric.1","time":"2025-08-23T17:28:45.289788427-07:00","metricName":"logging.sls.length","tags":{"type":"service"},"values":{"count":0,"max":0,"p95":0,"p99":0}}
{"type":"metric.1","time":"2025-08-23T17:28:45.2902236-07:00","metricName":"logging.sls.length","metricType":"histogram","tags":{"type":"service"},"values":{"count":2,"max":4193,"p95":4193,"p99":4193}}
{"metricName":"logging.sls","metricType":"meter","type":"metric.1","time":"2025-08-23T17:28:45.291057989-07:00","tags":{"level":"debug","type":"service.1"},"values":{"count":0}}
{"type":"metric.1","time":"2025-08-23T17:28:45.29162148-07:00","metricName":"logging.sls","metricType":"meter","tags":{"level":"debug","type":"service.1"},"values":{"count":1}}
{"type":"metric.1","time":"2025-08-23T17:28:45.292137951-07:00","metricName":"logging.sls","metricType":"meter","tags":{"level":"info","type":"service.1"},"values":{"count":0}}
{"type":"metric.1","time":"2025-08-23T17:28:45.292723111-07:00","metricName":"logging.sls","metricType":"meter","tags":{"level":"info","type":"service.1"},"values":{"count":2}}
{"type":"metric.1","time":"2025-08-23T17:28:45.293302117-07:00","metricName":"logging.sls","metricType":"meter","tags":{"type":"request.2"},"values":{"count":0}}
{"time":"2025-08-23T17:28:45.293952174-07:00","metricName":"logging.sls","metricType":"meter","type":"metric.1","tags":{"type":"request.2"},"values":{"count":2}}
{"type":"metric.1","time":"2025-08-23T17:28:45.294629169-07:00","metricName":"server.conn_state_change","metricType":"counter","tags":{"state":"active"},"values":{"count":3}}
{"metricType":"counter","type":"metric.1","time":"2025-08-23T17:28:45.295613319-07:00","metricName":"server.conn_state_change","tags":{"state":"closed"},"values":{"count":4}}
{"metricType":"counter","type":"metric.1","time":"2025-08-23T17:28:45.296533846-07:00","metricName":"server.conn_state_change","tags":{"state":"idle"},"values":{"count":3}}
{"type":"metric.1","time":"2025-08-23T17:28:45.297415173-07:00","metricName":"server.conn_state_change","metricType":"counter","tags":{"state":"new"},"values":{"count":5}}
{"time":"2025-08-23T17:28:45.298423333-07:00","metricName":"server.metric_cardinality","metricType":"gauge","type":"metric.1","tags":{},"values":{"value":48}}
{"type":"metric.1","time":"2025-08-23T17:28:45.299195893-07:00","metricName":"server.request.size","metricType":"histogram","tags":{},"values":{"count":0,"max":0,"p95":0,"p99":0}}
{"metricName":"server.request.size","metricType":"histogram","type":"metric.1","time":"2025-08-23T17:28:45.300174786-07:00","tags":{},"values":{"count":2,"max":0,"p95":0,"p99":0}}
{"type":"metric.1","time":"2025-08-23T17:28:45.301119326-07:00","metricName":"server.response","metricType":"timer","tags":{},"values":{"count":0,"max":0,"p95":0,"p99":0}}
{"metricType":"timer","type":"metric.1","time":"2025-08-23T17:28:45.302048587-07:00","metricName":"server.response","tags":{},"values":{"count":2,"max":13006,"p95":13006,"p99":13006}}
{"type":"metric.1","time":"2025-08-23T17:28:45.302995425-07:00","metricName":"server.response.size","metricType":"histogram","tags":{},"values":{"count":0,"max":0,"p95":0,"p99":0}}
{"type":"metric.1","time":"2025-08-23T17:28:45.303500095-07:00","metricName":"server.response.size","metricType":"histogram","tags":{},"values":{"count":2,"max":129,"p95":129,"p99":129}}
{"metricType":"gauge","type":"metric.1","time":"2025-08-23T17:28:45.304190359-07:00","metricName":"server.uptime","tags":{"go_arch":"amd64","go_os":"linux","go_version":"go1.25.0"},"values":{"value":30023173}}
{"time":"2025-08-23T17:29:15.261346161-07:00","metricName":"go.runtime.MemStats.Alloc","metricType":"gauge","type":"metric.1","tags":{},"values":{"value":1352600}}
{"type":"metric.1","time":"2025-08-23T17:29:15.266732113-07:00","metricName":"go.runtime.MemStats.GCCPUFraction","metricType":"gauge","tags":{},"values":{"value":0.000037600892246753985}}
{"time":"2025-08-23T17:29:15.267963247-07:00","metricName":"go.runtime.MemStats.HeapAlloc","metricType":"gauge","type":"metric.1","tags":{},"values":{"value":1352600}}
{"metricType":"gauge","type":"metric.1","time":"2025-08-23T17:29:15.268596921-07:00","metricName":"go.runtime.MemStats.HeapIdle","tags":{},"values":{"value":4743168}}
{"time":"2025-08-23T17:29:15.269173834-07:00","metricName":"go.runtime.MemStats.HeapInuse","metricType":"gauge","type":"metric.1","tags":{},"values":{"value":2793472}}
{"type":"metric.1","time":"2025-08-23T17:29:15.26996418-07:00","metricName":"go.runtime.MemStats.HeapObjects","metricType":"gauge","tags":{},"values":{"value":5240}}
{"type":"metric.1","time":"2025-08-23T17:29:15.270657506-07:00","metricName":"go.runtime.MemStats.HeapReleased","metricType":"gauge","tags":{},"values":{"value":3211264}}
{"metricName":"go.runtime.MemStats.HeapSys","metricType":"gauge","type":"metric.1","time":"2025-08-23T17:29:15.271182775-07:00","tags":{},"values":{"value":7536640}}
{"metricType":"gauge","type":"metric.1","time":"2025-08-23T17:29:15.271795051-07:00","metricName":"go.runtime.MemStats.NumGC","tags":{},"values":{"value":0}}
{"type":"metric.1","time":"2025-08-23T17:29:15.272371061-07:00","metricName":"go.runtime.MemStats.PauseNs","metricType":"histogram","tags":{},"values":{"count":1,"max":282014,"p95":282014,"p99":282014}}
{"metricType":"gauge","type":"metric.1","time":"2025-08-23T17:29:15.272982118-07:00","metricName":"go.runtime.MemStats.StackInuse","tags":{},"values":{"value":851968}}
{"type":"metric.1","time":"2025-08-23T17:29:15.273524271-07:00","metricName":"go.runtime.NumGoroutine","metricType":"gauge","tags":{},"values":{"value":13}}
{"metricType":"gauge","type":"metric.1","time":"2025-08-23T17:29:15.274012865-07:00","metricName":"go.runtime.NumThread","tags":{},"values":{"value":11}}
{"type":"metric.1","time":"2025-08-23T17:29:15.274634615-07:00","metricName":"go.runtime.ReadMemStats","metricType":"timer","tags":{},"values":{"count":2,"max":301405,"p95":301405,"p99":301405}}
{"metricType":"histogram","type":"metric.1","time":"2025-08-23T17:29:15.278336919-07:00","metricName":"logging.sls.length","tags":{"type":"metrics"},"values":{"count":0,"max":0,"p95":0,"p99":0}}
{"type":"metric.1","time":"2025-08-23T17:29:15.279689494-07:00","metricName":"logging.sls.length","metricType":"histogram","tags":{"type":"metrics"},"values":{"count":52,"max":210,"p95":203.35,"p99":210}}
{"type":"metric.1","time":"2025-08-23T17:29:15.280305907-07:00","metricName":"logging.sls.length","metricType":"histogram","tags":{"type":"request"},"values":{"count":2,"max":1064,"p95":1064,"p99":1064}}
{"metricType":"histogram","type":"metric.1","time":"2025-08-23T17:29:15.281106605-07:00","metricName":"logging.sls.length","tags":{"type":"service"},"values":{"count":2,"max":4193,"p95":4193,"p99":4193}}
{"type":"metric.1","time":"2025-08-23T17:29:15.281801348-07:00","metricName":"logging.sls","metricType":"meter","tags":{"level":"debug","type":"service.1"},"values":{"count":1}}
{"type":"metric.1","time":"2025-08-23T17:29:15.282623818-07:00","metricName":"logging.sls","metricType":"meter","tags":{"level":"info","type":"service.1"},"values":{"count":2}}
{"type":"metric.1","time":"2025-08-23T17:29:15.283238255-07:00","metricName":"logging.sls","metricType":"meter","tags":{"type":"metric.1"},"values":{"count":0}}
{"metricName":"logging.sls","metricType":"meter","type":"metric.1","time":"2025-08-23T17:29:15.283784425-07:00","tags":{"type":"metric.1"},"values":{"count":58}}
{"type":"metric.1","time":"2025-08-23T17:29:15.284366984-07:00","metricName":"logging.sls","metricType":"meter","tags":{"type":"request.2"},"values":{"count":2}}
{"type":"metric.1","time":"2025-08-23T17:29:15.284866945-07:00","metricName":"server.conn_state_change","metricType":"counter","tags":{"state":"active"},"values":{"count":3}}
{"metricName":"server.conn_state_change","metricType":"counter","type":"metric.1","time":"2025-08-23T17:29:15.285621884-07:00","tags":{"state":"closed"},"values":{"count":4}}
{"type":"metric.1","time":"2025-08-23T17:29:15.286309715-07:00","metricName":"server.conn_state_change","metricType":"counter","tags":{"state":"idle"},"values":{"count":3}}
{"type":"metric.1","time":"2025-08-23T17:29:15.287008772-07:00","metricName":"server.conn_state_change","metricType":"counter","tags":{"state":"new"},"values":{"count":5}}
{"type":"metric.1","time":"2025-08-23T17:29:15.287566544-07:00","metricName":"server.metric_cardinality","metricType":"gauge","tags":{},"values":{"value":54}}
{"type":"metric.1","time":"2025-08-23T17:29:15.288161525-07:00","metricName":"server.request.size","metricType":"histogram","tags":{},"values":{"count":2,"max":0,"p95":0,"p99":0}}
{"type":"metric.1","time":"2025-08-23T17:29:15.288699474-07:00","metricName":"server.response","metricType":"timer","tags":{},"values":{"count":2,"max":13006,"p95":13006,"p99":13006}}
{"type":"metric.1","time":"2025-08-23T17:29:15.289292742-07:00","metricName":"server.response.size","metricType":"histogram","tags":{},"values":{"count":2,"max":129,"p95":129,"p99":129}}
{"type":"metric.1","time":"2025-08-23T17:29:15.28976853-07:00","metricName":"server.uptime","metricType":"gauge","tags":{"go_arch":"amd64","go_os":"linux","go_version":"go1.25.0"},"values":{"value":60021292}}
{"time":"2025-08-23T17:29:33.002220025-07:00","metricName":"go.runtime.MemStats.Alloc","metricType":"gauge","type":"metric.1","tags":{},"values":{"value":1527376}}
{"type":"metric.1","time":"2025-08-23T17:29:33.004156927-07:00","metricName":"go.runtime.MemStats.GCCPUFraction","metricType":"gauge","tags":{},"values":{"value":0.000037600892246753985}}
{"type":"metric.1","time":"2025-08-23T17:29:33.007151015-07:00","metricName":"go.runtime.MemStats.HeapAlloc","metricType":"gauge","tags":{},"values":{"value":1527376}}
{"metricType":"gauge","type":"metric.1","time":"2025-08-23T17:29:33.008815308-07:00","metricName":"go.runtime.MemStats.HeapIdle","tags":{},"values":{"value":4612096}}
{"metricName":"go.runtime.MemStats.HeapInuse","metricType":"gauge","type":"metric.1","time":"2025-08-23T17:29:33.009830046-07:00","tags":{},"values":{"value":2924544}}
{"time":"2025-08-23T17:29:33.011789175-07:00","metricName":"go.runtime.MemStats.HeapObjects","metricType":"gauge","type":"metric.1","tags":{},"values":{"value":7099}}
{"type":"metric.1","time":"2025-08-23T17:29:33.013252127-07:00","metricName":"go.runtime.MemStats.HeapReleased","metricType":"gauge","tags":{},"values":{"value":3129344}}
{"type":"metric.1","time":"2025-08-23T17:29:33.014009027-07:00","metricName":"go.runtime.MemStats.HeapSys","metricType":"gauge","tags":{},"values":{"value":7536640}}
{"time":"2025-08-23T17:29:33.014507916-07:00","metricName":"go.runtime.MemStats.NumGC","metricType":"gauge","type":"metric.1","tags":{},"values":{"value":0}}
{"metricName":"go.runtime.MemStats.PauseNs","metricType":"histogram","type":"metric.1","time":"2025-08-23T17:29:33.015014336-07:00","tags":{},"values":{"count":1,"max":282014,"p95":282014,"p99":282014}}
{"type":"metric.1","time":"2025-08-23T17:29:33.01557979-07:00","metricName":"go.runtime.MemStats.StackInuse","metricType":"gauge","tags":{},"values":{"value":851968}}
{"metricName":"go.runtime.NumGoroutine","metricType":"gauge","type":"metric.1","time":"2025-08-23T17:29:33.016035407-07:00","tags":{},"values":{"value":14}}
{"type":"metric.1","time":"2025-08-23T17:29:33.016592504-07:00","metricName":"go.runtime.NumThread","metricType":"gauge","tags":{},"values":{"value":11}}
{"type":"metric.1","time":"2025-08-23T17:29:33.017174565-07:00","metricName":"go.runtime.ReadMemStats","metricType":"timer","tags":{},"values":{"count":3,"max":301405,"p95":301405,"p99":301405}}
{"type":"metric.1","time":"2025-08-23T17:29:33.017731073-07:00","metricName":"logging.sls.length","metricType":"histogram","tags":{"type":"metrics"},"values":{"count":84,"max":210,"p95":204,"p99":210}}
{"type":"metric.1","time":"2025-08-23T17:29:33.018230322-07:00","metricName":"logging.sls.length","metricType":"histogram","tags":{"type":"request"},"values":{"count":2,"max":1064,"p95":1064,"p99":1064}}
{"type":"metric.1","time":"2025-08-23T17:29:33.019075289-07:00","metricName":"logging.sls.length","metricType":"histogram","tags":{"type":"service"},"values":{"count":5,"max":4193,"p95":4193,"p99":4193}}
{"metricName":"logging.sls","metricType":"meter","type":"metric.1","time":"2025-08-23T17:29:33.020967394-07:00","tags":{"level":"debug","type":"service.1"},"values":{"count":1}}
{"metricName":"logging.sls","metricType":"meter","type":"metric.1","time":"2025-08-23T17:29:33.021293875-07:00","tags":{"level":"info","type":"service.1"},"values":{"count":5}}
{"type":"metric.1","time":"2025-08-23T17:29:33.02196835-07:00","metricName":"logging.sls","metricType":"meter","tags":{"type":"metric.1"},"values":{"count":89}}
{"metricType":"meter","type":"metric.1","time":"2025-08-23T17:29:33.02269248-07:00","metricName":"logging.sls","tags":{"type":"request.2"},"values":{"count":2}}
{"type":"metric.1","time":"2025-08-23T17:29:33.023133664-07:00","metricName":"server.conn_state_change","metricType":"counter","tags":{"state":"active"},"values":{"count":3}}
{"type":"metric.1","time":"2025-08-23T17:29:33.023494081-07:00","metricName":"server.conn_state_change","metricType":"counter","tags":{"state":"closed"},"values":{"count":5}}
{"type":"metric.1","time":"2025-08-23T17:29:33.023869111-07:00","metricName":"server.conn_state_change","metricType":"counter","tags":{"state":"idle"},"values":{"count":3}}
{"type":"metric.1","time":"2025-08-23T17:29:33.024372106-07:00","metricName":"server.conn_state_change","metricType":"counter","tags":{"state":"new"},"values":{"count":5}}
{"type":"metric.1","time":"2025-08-23T17:29:33.025005576-07:00","metricName":"server.metric_cardinality","metricType":"gauge","tags":{},"values":{"value":54}}
{"time":"2025-08-23T17:29:33.025750526-07:00","metricName":"server.request.size","metricType":"histogram","type":"metric.1","tags":{},"values":{"count":2,"max":0,"p95":0,"p99":0}}
{"metricType":"timer","type":"metric.1","time":"2025-08-23T17:29:33.026217016-07:00","metricName":"server.response","tags":{},"values":{"count":2,"max":13006,"p95":13006,"p99":13006}}
{"type":"metric.1","time":"2025-08-23T17:29:33.026613437-07:00","metricName":"server.response.size","metricType":"histogram","tags":{},"values":{"count":2,"max":129,"p95":129,"p99":129}}
{"metricType":"gauge","type":"metric.1","time":"2025-08-23T17:29:33.027185848-07:00","metricName":"server.uptime","tags":{"go_arch":"amd64","go_os":"linux","go_version":"go1.25.0"},"values":{"value":77762237}}
{"type":"metric.1","time":"2025-08-23T17:30:12.595036199-07:00","metricName":"go.runtime.MemStats.Alloc","metricType":"gauge","tags":{},"values":{"value":1947264}}
{"type":"metric.1","time":"2025-08-23T17:30:12.602539015-07:00","metricName":"go.runtime.MemStats.GCCPUFraction","metricType":"gauge","tags":{},"values":{"value":0}}
{"time":"2025-08-23T17:30:12.603073219-07:00","metricName":"go.runtime.MemStats.HeapAlloc","metricType":"gauge","type":"metric.1","tags":{},"values":{"value":1947264}}
{"type":"metric.1","time":"2025-08-23T17:30:12.603820351-07:00","metricName":"go.runtime.MemStats.HeapIdle","metricType":"gauge","tags":{},"values":{"value":4415488}}
{"type":"metric.1","time":"2025-08-23T17:30:12.604349203-07:00","metricName":"go.runtime.MemStats.HeapInuse","metricType":"gauge","tags":{},"values":{"value":3350528}}
{"type":"metric.1","time":"2025-08-23T17:30:12.605454222-07:00","metricName":"go.runtime.MemStats.HeapObjects","metricType":"gauge","tags":{},"values":{"value":11582}}
{"type":"metric.1","time":"2025-08-23T17:30:12.608091401-07:00","metricName":"go.runtime.MemStats.HeapReleased","metricType":"gauge","tags":{},"values":{"value":4333568}}
{"type":"metric.1","time":"2025-08-23T17:30:12.608489644-07:00","metricName":"go.runtime.MemStats.HeapSys","metricType":"gauge","tags":{},"values":{"value":7766016}}
{"type":"metric.1","time":"2025-08-23T17:30:12.6092784-07:00","metricName":"go.runtime.MemStats.NumGC","metricType":"gauge","tags":{},"values":{"value":0}}
{"type":"metric.1","time":"2025-08-23T17:30:12.609980177-07:00","metricName":"go.runtime.MemStats.PauseNs","metricType":"histogram","tags":{},"values":{"count":0,"max":0,"p95":0,"p99":0}}
{"type":"metric.1","time":"2025-08-23T17:30:12.61053397-07:00","metricName":"go.runtime.MemStats.StackInuse","metricType":"gauge","tags":{},"values":{"value":622592}}
{"time":"2025-08-23T17:30:12.611070615-07:00","metricName":"go.runtime.NumGoroutine","metricType":"gauge","type":"metric.1","tags":{},"values":{"value":12}}
{"type":"metric.1","time":"2025-08-23T17:30:12.611970112-07:00","metricName":"go.runtime.NumThread","metricType":"gauge","tags":{},"values":{"value":9}}
{"type":"metric.1","time":"2025-08-23T17:30:12.61274683-07:00","metricName":"go.runtime.ReadMemStats","metricType":"timer","tags":{},"values":{"count":0,"max":0,"p95":0,"p99":0}}
{"metricName":"go.runtime.ReadMemStats","metricType":"timer","type":"metric.1","time":"2025-08-23T17:30:12.613579924-07:00","tags":{},"values":{"count":1,"max":1652774,"p95":1652774,"p99":1652774}}
{"metricName":"logging.sls.length","metricType":"histogram","type":"metric.1","time":"2025-08-23T17:30:12.614558592-07:00","tags":{"type":"request"},"values":{"count":0,"max":0,"p95":0,"p99":0}}
{"metricName":"logging.sls.length","metricType":"histogram","type":"metric.1","time":"2025-08-23T17:30:12.615157799-07:00","tags":{"type":"request"},"values":{"count":1,"max":1064,"p95":1064,"p99":1064}}
{"type":"metric.1","time":"2025-08-23T17:30:12.615954774-07:00","metricName":"logging.sls.length","metricType":"histogram","tags":{"type":"service"},"values":{"count":0,"max":0,"p95":0,"p99":0}}
{"type":"metric.1","time":"2025-08-23T17:30:12.616815167-07:00","metricName":"logging.sls.length","metricType":"histogram","tags":{"type":"service"},"values":{"count":1,"max":216,"p95":216,"p99":216}}
{"metricType":"meter","type":"metric.1","time":"2025-08-23T17:30:12.617661441-07:00","metricName":"logging.sls","tags":{"level":"debug","type":"service.1"},"values":{"count":0}}
{"time":"2025-08-23T17:30:12.618406337-07:00","metricName":"logging.sls","metricType":"meter","type":"metric.1","tags":{"level":"debug","type":"service.1"},"values":{"count":1}}
{"type":"metric.1","time":"2025-08-23T17:30:12.61917698-07:00","metricName":"logging.sls","metricType":"meter","tags":{"level":"info","type":"service.1"},"values":{"count":0}}
{"time":"2025-08-23T17:30:12.619851822-07:00","metricName":"logging.sls","metricType":"meter","type":"metric.1","tags":{"level":"info","type":"service.1"},"values":{"count":1}}
{"type":"metric.1","time":"2025-08-23T17:30:12.620575482-07:00","metricName":"logging.sls","metricType":"meter","tags":{"type":"request.2"},"values":{"count":0}}
{"metricType":"meter","type":"metric.1","time":"2025-08-23T17:30:12.62131365-07:00","metricName":"logging.sls","tags":{"type":"request.2"},"values":{"count":1}}
{"type":"metric.1","time":"2025-08-23T17:30:12.622674158-07:00","metricName":"server.conn_state_change","metricType":"counter","tags":{"state":"active"},"values":{"count":2}}
{"type":"metric.1","time":"2025-08-23T17:30:12.623493582-07:00","metricName":"server.conn_state_change","metricType":"counter","tags":{"state":"closed"},"values":{"count":4}}
{"type":"metric.1","time":"2025-08-23T17:30:12.624149255-07:00","metricName":"server.conn_state_change","metricType":"counter","tags":{"state":"idle"},"values":{"count":2}}
{"metricType":"counter","type":"metric.1","time":"2025-08-23T17:30:12.625002736-07:00","metricName":"server.conn_state_change","tags":{"state":"new"},"values":{"count":5}}
{"type":"metric.1","time":"2025-08-23T17:30:12.625609772-07:00","metricName":"server.metric_cardinality","metricType":"gauge","tags":{},"values":{"value":48}}
{"type":"metric.1","time":"2025-08-23T17:30:12.626327034-07:00","metricName":"server.request.size","metricType":"histogram","tags":{},"values":{"count":0,"max":0,"p95":0,"p99":0}}
{"type":"metric.1","time":"2025-08-23T17:30:12.627281583-07:00","metricName":"server.request.size","metricType":"histogram","tags":{},"values":{"count":1,"max":0,"p95":0,"p99":0}}
{"type":"metric.1","time":"2025-08-23T17:30:12.628118896-07:00","metricName":"server.response","metricType":"timer","tags":{},"values":{"count":0,"max":0,"p95":0,"p99":0}}
{"metricType":"timer","type":"metric.1","time":"2025-08-23T17:30:12.628786544-07:00","metricName":"server.response","tags":{},"values":{"count":1,"max":1454,"p95":1454,"p99":1454}}
{"type":"metric.1","time":"2025-08-23T17:30:12.629359019-07:00","metricName":"server.response.size","metricType":"histogram","tags":{},"values":{"count":0,"max":0,"p95":0,"p99":0}}
{"time":"2025-08-23T17:30:12.629798221-07:00","metricName":"server.response.size","metricType":"histogram","type":"metric.1","tags":{},"values":{"count":1,"max":3,"p95":3,"p99":3}}
{"type":"metric.1","time":"2025-08-23T17:30:12.630245086-07:00","metricName":"server.uptime","metricType":"gauge","tags":{"go_arch":"amd64","go_os":"linux","go_version":"go1.25.0"},"values":{"value":30036388}}
{"type":"metric.1","time":"2025-08-23T17:30:14.261291733-07:00","metricName":"go.runtime.MemStats.Alloc","metricType":"gauge","tags":{},"values":{"value":2249768}}
{"type":"metric.1","time":"2025-08-23T17:30:14.263392223-07:00","metricName":"go.runtime.MemStats.GCCPUFraction","metricType":"gauge","tags":{},"values":{"value":0}}
{"metricType":"gauge","type":"metric.1","time":"2025-08-23T17:30:14.264165102-07:00","metricName":"go.runtime.MemStats.HeapAlloc","tags":{},"values":{"value":2249768}}
{"time":"2025-08-23T17:30:14.264758322-07:00","metricName":"go.runtime.MemStats.HeapIdle","metricType":"gauge","type":"metric.1","tags":{},"values":{"value":4169728}}
{"type":"metric.1","time":"2025-08-23T17:30:14.26526461-07:00","metricName":"go.runtime.MemStats.HeapInuse","metricType":"gauge","tags":{},"values":{"value":3530752}}
{"time":"2025-08-23T17:30:14.265652945-07:00","metricName":"go.runtime.MemStats.HeapObjects","metricType":"gauge","type":"metric.1","tags":{},"values":{"value":13657}}
{"type":"metric.1","time":"2025-08-23T17:30:14.268586005-07:00","metricName":"go.runtime.MemStats.HeapReleased","metricType":"gauge","tags":{},"values":{"value":4161536}}
{"type":"metric.1","time":"2025-08-23T17:30:14.269067146-07:00","metricName":"go.runtime.MemStats.HeapSys","metricType":"gauge","tags":{},"values":{"value":7700480}}
{"time":"2025-08-23T17:30:14.270225076-07:00","metricName":"go.runtime.MemStats.NumGC","metricType":"gauge","type":"metric.1","tags":{},"values":{"value":0}}
{"type":"metric.1","time":"2025-08-23T17:30:14.270913209-07:00","metricName":"go.runtime.MemStats.PauseNs","metricType":"histogram","tags":{},"values":{"count":0,"max":0,"p95":0,"p99":0}}
{"type":"metric.1","time":"2025-08-23T17:30:14.271443583-07:00","metricName":"go.runtime.MemStats.StackInuse","metricType":"gauge","tags":{},"values":{"value":688128}}
{"type":"metric.1","time":"2025-08-23T17:30:14.276214132-07:00","metricName":"go.runtime.NumGoroutine","metricType":"gauge","tags":{},"values":{"value":13}}
{"type":"metric.1","time":"2025-08-23T17:30:14.278699991-07:00","metricName":"go.runtime.NumThread","metricType":"gauge","tags":{},"values":{"value":9}}
{"type":"metric.1","time":"2025-08-23T17:30:14.281550576-07:00","metricName":"go.runtime.ReadMemStats","metricType":"timer","tags":{},"values":{"count":2,"max":1652774,"p95":1652774,"p99":1652774}}
{"type":"metric.1","time":"2025-08-23T17:30:14.282546448-07:00","metricName":"logging.sls.length","metricType":"histogram","tags":{"type":"metrics"},"values":{"count":0,"max":0,"p95":0,"p99":0}}
{"metricName":"logging.sls.length","metricType":"histogram","type":"metric.1","time":"2025-08-23T17:30:14.282986619-07:00","tags":{"type":"metrics"},"values":{"count":51,"max":210,"p95":202.2,"p99":210}}
{"time":"2025-08-23T17:30:14.284725257-07:00","metricName":"logging.sls.length","metricType":"histogram","type":"metric.1","tags":{"type":"request"},"values":{"count":1,"max":1064,"p95":1064,"p99":1064}}
{"time":"2025-08-23T17:30:14.28530044-07:00","metricName":"logging.sls.length","metricType":"histogram","type":"metric.1","tags":{"type":"service"},"values":{"count":4,"max":216,"p95":216,"p99":216}}
{"time":"2025-08-23T17:30:14.285969677-07:00","metricName":"logging.sls","metricType":"meter","type":"metric.1","tags":{"level":"debug","type":"service.1"},"values":{"count":1}}
{"type":"metric.1","time":"2025-08-23T17:30:14.286642589-07:00","metricName":"logging.sls","metricType":"meter","tags":{"level":"info","type":"service.1"},"values":{"count":4}}
{"metricType":"meter","type":"metric.1","time":"2025-08-23T17:30:14.287068359-07:00","metricName":"logging.sls","tags":{"type":"metric.1"},"values":{"count":0}}
{"type":"metric.1","time":"2025-08-23T17:30:14.287666668-07:00","metricName":"logging.sls","metricType":"meter","tags":{"type":"metric.1"},"values":{"count":57}}
{"type":"metric.1","time":"2025-08-23T17:30:14.288252409-07:00","metricName":"logging.sls","metricType":"meter","tags":{"type":"request.2"},"values":{"count":1}}
{"type":"metric.1","time":"2025-08-23T17:30:14.288824112-07:00","metricName":"server.conn_state_change","metricType":"counter","tags":{"state":"active"},"values":{"count":2}}
{"metricType":"counter","type":"metric.1","time":"2025-08-23T17:30:14.289323316-07:00","metricName":"server.conn_state_change","tags":{"state":"closed"},"values":{"count":5}}
{"type":"metric.1","time":"2025-08-23T17:30:14.289903173-07:00","metricName":"server.conn_state_change","metricType":"counter","tags":{"state":"idle"},"values":{"count":2}}
{"type":"metric.1","time":"2025-08-23T17:30:14.290451076-07:00","metricName":"server.conn_state_change","metricType":"counter","tags":{"state":"new"},"values":{"count":5}}
{"type":"metric.1","time":"2025-08-23T17:30:14.292501557-07:00","metricName":"server.metric_cardinality","metricType":"gauge","tags":{},"values":{"value":54}}
{"metricName":"server.request.size","metricType":"histogram","type":"metric.1","time":"2025-08-23T17:30:14.293223255-07:00","tags":{},"values":{"count":1,"max":0,"p95":0,"p99":0}}
{"metricName":"server.response","metricType":"timer","type":"metric.1","time":"2025-08-23T17:30:14.293760797-07:00","tags":{},"values":{"count":1,"max":1454,"p95":1454,"p99":1454}}
{"metricType":"histogram","type":"metric.1","time":"2025-08-23T17:30:14.29474645-07:00","metricName":"server.response.size","tags":{},"values":{"count":1,"max":3,"p95":3,"p99":3}}
{"metricType":"gauge","type":"metric.1","time":"2025-08-23T17:30:14.295927064-07:00","metricName":"server.uptime","tags":{"go_arch":"amd64","go_os":"linux","go_version":"go1.25.0"},"values":{"value":31702619}}
{"type":"metric.1","time":"2025-08-23T17:39:18.455503551-07:00","metricName":"go.runtime.MemStats.Alloc","metricType":"gauge","tags":{},"values":{"value":2072888}}
{"metricType":"gauge","type":"metric.1","time":"2025-08-23T17:39:18.466929998-07:00","metricName":"go.runtime.MemStats.GCCPUFraction","tags":{},"values":{"value":0}}
{"metricName":"go.runtime.MemStats.HeapAlloc","metricType":"gauge","type":"metric.1","time":"2025-08-23T17:39:18.467965507-07:00","tags":{},"values":{"value":2072888}}
{"time":"2025-08-23T17:39:18.468672355-07:00","metricName":"go.runtime.MemStats.HeapIdle","metricType":"gauge","type":"metric.1","tags":{},"values":{"value":4087808}}
{"type":"metric.1","time":"2025-08-23T17:39:18.469258919-07:00","metricName":"go.runtime.MemStats.HeapInuse","metricType":"gauge","tags":{},"values":{"value":3645440}}
{"type":"metric.1","time":"2025-08-23T17:39:18.469933053-07:00","metricName":"go.runtime.MemStats.HeapObjects","metricType":"gauge","tags":{},"values":{"value":12326}}
{"type":"metric.1","time":"2025-08-23T17:39:18.471908887-07:00","metricName":"go.runtime.MemStats.HeapReleased","metricType":"gauge","tags":{},"values":{"value":3956736}}
{"metricName":"go.runtime.MemStats.HeapSys","metricType":"gauge","type":"metric.1","time":"2025-08-23T17:39:18.472340888-07:00","tags":{},"values":{"value":7733248}}
{"type":"metric.1","time":"2025-08-23T17:39:18.473147966-07:00","metricName":"go.runtime.MemStats.NumGC","metricType":"gauge","tags":{},"values":{"value":0}}
{"metricName":"go.runtime.MemStats.PauseNs","metricType":"histogram","type":"metric.1","time":"2025-08-23T17:39:18.474139003-07:00","tags":{},"values":{"count":0,"max":0,"p95":0,"p99":0}}
{"type":"metric.1","time":"2025-08-23T17:39:18.474919823-07:00","metricName":"go.runtime.MemStats.StackInuse","metricType":"gauge","tags":{},"values":{"value":655360}}
{"type":"metric.1","time":"2025-08-23T17:39:18.475375484-07:00","metricName":"go.runtime.NumGoroutine","metricType":"gauge","tags":{},"values":{"value":12}}
{"metricName":"go.runtime.NumThread","metricType":"gauge","type":"metric.1","time":"2025-08-23T17:39:18.475964417-07:00","tags":{},"values":{"value":9}}
{"type":"metric.1","time":"2025-08-23T17:39:18.476600786-07:00","metricName":"go.runtime.ReadMemStats","metricType":"timer","tags":{},"values":{"count":0,"max":0,"p95":0,"p99":0}}
{"type":"metric.1","time":"2025-08-23T17:39:18.477230638-07:00","metricName":"go.runtime.ReadMemStats","metricType":"timer","tags":{},"values":{"count":1,"max":977347,"p95":977347,"p99":977347}}
{"metricType":"histogram","type":"metric.1","time":"2025-08-23T17:39:18.47834593-07:00","metricName":"logging.sls.length","tags":{"type":"request"},"values":{"count":0,"max":0,"p95":0,"p99":0}}
{"type":"metric.1","time":"2025-08-23T17:39:18.478910619-07:00","metricName":"logging.sls.length","metricType":"histogram","tags":{"type":"request"},"values":{"count":2,"max":1064,"p95":1064,"p99":1064}}
{"metricType":"histogram","type":"metric.1","time":"2025-08-23T17:39:18.47944463-07:00","metricName":"logging.sls.length","tags":{"type":"service"},"values":{"count":0,"max":0,"p95":0,"p99":0}}
{"time":"2025-08-23T17:39:18.479977896-07:00","metricName":"logging.sls.length","metricType":"histogram","type":"metric.1","tags":{"type":"service"},"values":{"count":2,"max":258,"p95":258,"p99":258}}
{"type":"metric.1","time":"2025-08-23T17:39:18.480661989-07:00","metricName":"logging.sls","metricType":"meter","tags":{"level":"debug","type":"service.1"},"values":{"count":0}}
{"type":"metric.1","time":"2025-08-23T17:39:18.481712983-07:00","metricName":"logging.sls","metricType":"meter","tags":{"level":"debug","type":"service.1"},"values":{"count":1}}
{"type":"metric.1","time":"2025-08-23T17:39:18.482354292-07:00","metricName":"logging.sls","metricType":"meter","tags":{"level":"info","type":"service.1"},"values":{"count":0}}
{"type":"metric.1","time":"2025-08-23T17:39:18.4828864-07:00","metricName":"logging.sls","metricType":"meter","tags":{"level":"info","type":"service.1"},"values":{"count":2}}
{"type":"metric.1","time":"2025-08-23T17:39:18.483430916-07:00","metricName":"logging.sls","metricType":"meter","tags":{"type":"request.2"},"values":{"count":0}}
{"metricType":"meter","type":"metric.1","time":"2025-08-23T17:39:18.483900446-07:00","metricName":"logging.sls","tags":{"type":"request.2"},"values":{"count":2}}
{"metricType":"counter","type":"metric.1","time":"2025-08-23T17:39:18.484461016-07:00","metricName":"server.conn_state_change","tags":{"state":"active"},"values":{"count":3}}
{"type":"metric.1","time":"2025-08-23T17:39:18.484994107-07:00","metricName":"server.conn_state_change","metricType":"counter","tags":{"state":"closed"},"values":{"count":3}}
{"type":"metric.1","time":"2025-08-23T17:39:18.485574751-07:00","metricName":"server.conn_state_change","metricType":"counter","tags":{"state":"idle"},"values":{"count":3}}
{"type":"metric.1","time":"2025-08-23T17:39:18.486052325-07:00","metricName":"server.conn_state_change","metricType":"counter","tags":{"state":"new"},"values":{"count":4}}
{"type":"metric.1","time":"2025-08-23T17:39:18.486516159-07:00","metricName":"server.metric_cardinality","metricType":"gauge","tags":{},"values":{"value":48}}
{"metricName":"server.request.size","metricType":"histogram","type":"metric.1","time":"2025-08-23T17:39:18.488295038-07:00","tags":{},"values":{"count":0,"max":0,"p95":0,"p99":0}}
{"time":"2025-08-23T17:39:18.489174936-07:00","metricName":"server.request.size","metricType":"histogram","type":"metric.1","tags":{},"values":{"count":2,"max":0,"p95":0,"p99":0}}
{"type":"metric.1","time":"2025-08-23T17:39:18.490196197-07:00","metricName":"server.response","metricType":"timer","tags":{},"values":{"count":0,"max":0,"p95":0,"p99":0}}
{"type":"metric.1","time":"2025-08-23T17:39:18.490928093-07:00","metricName":"server.response","metricType":"timer","tags":{},"values":{"count":2,"max":2037,"p95":2037,"p99":2037}}
{"metricName":"server.response.size","metricType":"histogram","type":"metric.1","time":"2025-08-23T17:39:18.491776923-07:00","tags":{},"values":{"count":0,"max":0,"p95":0,"p99":0}}
{"metricType":"histogram","type":"metric.1","time":"2025-08-23T17:39:18.492492672-07:00","metricName":"server.response.size","tags":{},"values":{"count":2,"max":4,"p95":4,"p99":4}}
{"type":"metric.1","time":"2025-08-23T17:39:18.493269219-07:00","metricName":"server.uptime","metricType":"gauge","tags":{"go_arch":"amd64","go_os":"linux","go_version":"go1.25.0"},"values":{"value":30022330}}
{"type":"metric.1","time":"2025-08-23T17:39:48.454335163-07:00","metricName":"go.runtime.MemStats.Alloc","metricType":"gauge","tags":{},"values":{"value":2393592}}
{"type":"metric.1","time":"2025-08-23T17:39:48.455419763-07:00","metricName":"go.runtime.MemStats.GCCPUFraction","metricType":"gauge","tags":{},"values":{"value":0}}
{"type":"metric.1","time":"2025-08-23T17:39:48.456172209-07:00","metricName":"go.runtime.MemStats.HeapAlloc","metricType":"gauge","tags":{},"values":{"value":2393592}}
{"metricName":"go.runtime.MemStats.HeapIdle","metricType":"gauge","type":"metric.1","time":"2025-08-23T17:39:48.457145629-07:00","tags":{},"values":{"value":3891200}}
{"type":"metric.1","time":"2025-08-23T17:39:48.457787039-07:00","metricName":"go.runtime.MemStats.HeapInuse","metricType":"gauge","tags":{},"values":{"value":3809280}}
{"time":"2025-08-23T17:39:48.458926625-07:00","metricName":"go.runtime.MemStats.HeapObjects","metricType":"gauge","type":"metric.1","tags":{},"values":{"value":14474}}
{"type":"metric.1","time":"2025-08-23T17:39:48.460296004-07:00","metricName":"go.runtime.MemStats.HeapReleased","metricType":"gauge","tags":{},"values":{"value":3760128}}
{"metricName":"go.runtime.MemStats.HeapSys","metricType":"gauge","type":"metric.1","time":"2025-08-23T17:39:48.461161057-07:00","tags":{},"values":{"value":7700480}}
{"type":"metric.1","time":"2025-08-23T17:39:48.461967985-07:00","metricName":"go.runtime.MemStats.NumGC","metricType":"gauge","tags":{},"values":{"value":0}}
{"type":"metric.1","time":"2025-08-23T17:39:48.462742466-07:00","metricName":"go.runtime.MemStats.PauseNs","metricType":"histogram","tags":{},"values":{"count":0,"max":0,"p95":0,"p99":0}}
{"type":"metric.1","time":"2025-08-23T17:39:48.463597338-07:00","metricName":"go.runtime.MemStats.StackInuse","metricType":"gauge","tags":{},"values":{"value":688128}}
{"type":"metric.1","time":"2025-08-23T17:39:48.464364806-07:00","metricName":"go.runtime.NumGoroutine","metricType":"gauge","tags":{},"values":{"value":13}}
{"metricName":"go.runtime.NumThread","metricType":"gauge","type":"metric.1","time":"2025-08-23T17:39:48.464942102-07:00","tags":{},"values":{"value":9}}
{"type":"metric.1","time":"2025-08-23T17:39:48.465705554-07:00","metricName":"go.runtime.ReadMemStats","metricType":"timer","tags":{},"values":{"count":2,"max":977347,"p95":977347,"p99":977347}}
{"type":"metric.1","time":"2025-08-23T17:39:48.467077291-07:00","metricName":"logging.sls.length","metricType":"histogram","tags":{"type":"metrics"},"values":{"count":0,"max":0,"p95":0,"p99":0}}
{"metricName":"logging.sls.length","metricType":"histogram","type":"metric.1","time":"2025-08-23T17:39:48.468149706-07:00","tags":{"type":"metrics"},"values":{"count":51,"max":210,"p95":202.2,"p99":210}}
{"metricType":"histogram","type":"metric.1","time":"2025-08-23T17:39:48.470287423-07:00","metricName":"logging.sls.length","tags":{"type":"request"},"values":{"count":2,"max":1064,"p95":1064,"p99":1064}}
{"type":"metric.1","time":"2025-08-23T17:39:48.471012578-07:00","metricName":"logging.sls.length","metricType":"histogram","tags":{"type":"service"},"values":{"count":2,"max":258,"p95":258,"p99":258}}
{"type":"metric.1","time":"2025-08-23T17:39:48.471853468-07:00","metricName":"logging.sls","metricType":"meter","tags":{"level":"debug","type":"service.1"},"values":{"count":1}}
{"type":"metric.1","time":"2025-08-23T17:39:48.472492361-07:00","metricName":"logging.sls","metricType":"meter","tags":{"level":"info","type":"service.1"},"values":{"count":2}}
{"time":"2025-08-23T17:39:48.473240634-07:00","metricName":"logging.sls","metricType":"meter","type":"metric.1","tags":{"type":"metric.1"},"values":{"count":0}}
{"metricName":"logging.sls","metricType":"meter","type":"metric.1","time":"2025-08-23T17:39:48.473820401-07:00","tags":{"type":"metric.1"},"values":{"count":57}}
{"type":"metric.1","time":"2025-08-23T17:39:48.474293843-07:00","metricName":"logging.sls","metricType":"meter","tags":{"type":"request.2"},"values":{"count":2}}
{"type":"metric.1","time":"2025-08-23T17:39:48.475877095-07:00","metricName":"server.conn_state_change","metricType":"counter","tags":{"state":"active"},"values":{"count":3}}
{"type":"metric.1","time":"2025-08-23T17:39:48.476303151-07:00","metricName":"server.conn_state_change","metricType":"counter","tags":{"state":"closed"},"values":{"count":3}}
{"type":"metric.1","time":"2025-08-23T17:39:48.477038322-07:00","metricName":"server.conn_state_change","metricType":"counter","tags":{"state":"idle"},"values":{"count":3}}
{"type":"metric.1","time":"2025-08-23T17:39:48.47772746-07:00","metricName":"server.conn_state_change","metricType":"counter","tags":{"state":"new"},"values":{"count":4}}
{"type":"metric.1","time":"2025-08-23T17:39:48.478286012-07:00","metricName":"server.metric_cardinality","metricType":"gauge","tags":{},"values":{"value":54}}
{"metricType":"histogram","type":"metric.1","time":"2025-08-23T17:39:48.47905633-07:00","metricName":"server.request.size","tags":{},"values":{"count":2,"max":0,"p95":0,"p99":0}}
{"type":"metric.1","time":"2025-08-23T17:39:48.479821885-07:00","metricName":"server.response","metricType":"timer","tags":{},"values":{"count":2,"max":2037,"p95":2037,"p99":2037}}
{"type":"metric.1","time":"2025-08-23T17:39:48.480444517-07:00","metricName":"server.response.size","metricType":"histogram","tags":{},"values":{"count":2,"max":4,"p95":4,"p99":4}}
{"type":"metric.1","time":"2025-08-23T17:39:48.481085037-07:00","metricName":"server.uptime","metricType":"gauge","tags":{"go_arch":"amd64","go_os":"linux","go_version":"go1.25.0"},"values":{"value":60021083}}
{"type":"metric.1","time":"2025-08-23T17:40:18.455030052-07:00","metricName":"go.runtime.MemStats.Alloc","metricType":"gauge","tags":{},"values":{"value":2566120}}
{"metricName":"go.runtime.MemStats.GCCPUFraction","metricType":"gauge","type":"metric.1","time":"2025-08-23T17:40:18.456351713-07:00","tags":{},"values":{"value":0}}
{"type":"metric.1","time":"2025-08-23T17:40:18.457028589-07:00","metricName":"go.runtime.MemStats.HeapAlloc","metricType":"gauge","tags":{},"values":{"value":2566120}}
{"metricType":"gauge","type":"metric.1","time":"2025-08-23T17:40:18.457664097-07:00","metricName":"go.runtime.MemStats.HeapIdle","tags":{},"values":{"value":3760128}}
{"metricName":"go.runtime.MemStats.HeapInuse","metricType":"gauge","type":"metric.1","time":"2025-08-23T17:40:18.458119879-07:00","tags":{},"values":{"value":3940352}}
{"type":"metric.1","time":"2025-08-23T17:40:18.458723108-07:00","metricName":"go.runtime.MemStats.HeapObjects","metricType":"gauge","tags":{},"values":{"value":16291}}
{"type":"metric.1","time":"2025-08-23T17:40:18.459180084-07:00","metricName":"go.runtime.MemStats.HeapReleased","metricType":"gauge","tags":{},"values":{"value":3629056}}
{"metricType":"gauge","type":"metric.1","time":"2025-08-23T17:40:18.459720214-07:00","metricName":"go.runtime.MemStats.HeapSys","tags":{},"values":{"value":7700480}}
{"type":"metric.1","time":"2025-08-23T17:40:18.460240444-07:00","metricName":"go.runtime.MemStats.NumGC","metricType":"gauge","tags":{},"values":{"value":0}}
{"type":"metric.1","time":"2025-08-23T17:40:18.46096273-07:00","metricName":"go.runtime.MemStats.PauseNs","metricType":"histogram","tags":{},"values":{"count":0,"max":0,"p95":0,"p99":0}}
{"type":"metric.1","time":"2025-08-23T17:40:18.461535984-07:00","metricName":"go.runtime.MemStats.StackInuse","metricType":"gauge","tags":{},"values":{"value":688128}}
{"type":"metric.1","time":"2025-08-23T17:40:18.462384388-07:00","metricName":"go.runtime.NumGoroutine","metricType":"gauge","tags":{},"values":{"value":13}}
{"metricType":"gauge","type":"metric.1","time":"2025-08-23T17:40:18.46319532-07:00","metricName":"go.runtime.NumThread","tags":{},"values":{"value":9}}
{"type":"metric.1","time":"2025-08-23T17:40:18.463838744-07:00","metricName":"go.runtime.ReadMemStats","metricType":"timer","tags":{},"values":{"count":3,"max":977347,"p95":977347,"p99":977347}}
{"time":"2025-08-23T17:40:18.464751728-07:00","metricName":"logging.sls.length","metricType":"histogram","type":"metric.1","tags":{"type":"metrics"},"values":{"count":83,"max":210,"p95":204,"p99":210}}
{"metricType":"histogram","type":"metric.1","time":"2025-08-23T17:40:18.465219729-07:00","metricName":"logging.sls.length","tags":{"type":"request"},"values":{"count":2,"max":1064,"p95":1064,"p99":1064}}
{"type":"metric.1","time":"2025-08-23T17:40:18.465759774-07:00","metricName":"logging.sls.length","metricType":"histogram","tags":{"type":"service"},"values":{"count":2,"max":258,"p95":258,"p99":258}}
{"type":"metric.1","time":"2025-08-23T17:40:18.466512676-07:00","metricName":"logging.sls","metricType":"meter","tags":{"level":"debug","type":"service.1"},"values":{"count":1}}
{"metricType":"meter","type":"metric.1","time":"2025-08-23T17:40:18.46720949-07:00","metricName":"logging.sls","tags":{"level":"info","type":"service.1"},"values":{"count":2}}
{"time":"2025-08-23T17:40:18.468127534-07:00","metricName":"logging.sls","metricType":"meter","type":"metric.1","tags":{"type":"metric.1"},"values":{"count":88}}
{"metricType":"meter","type":"metric.1","time":"2025-08-23T17:40:18.469142925-07:00","metricName":"logging.sls","tags":{"type":"request.2"},"values":{"count":2}}
{"time":"2025-08-23T17:40:18.469972814-07:00","metricName":"server.conn_state_change","metricType":"counter","type":"metric.1","tags":{"state":"active"},"values":{"count":3}}
{"type":"metric.1","time":"2025-08-23T17:40:18.470871749-07:00","metricName":"server.conn_state_change","metricType":"counter","tags":{"state":"closed"},"values":{"count":3}}
{"type":"metric.1","time":"2025-08-23T17:40:18.471904076-07:00","metricName":"server.conn_state_change","metricType":"counter","tags":{"state":"idle"},"values":{"count":3}}
{"type":"metric.1","time":"2025-08-23T17:40:18.472836-07:00","metricName":"server.conn_state_change","metricType":"counter","tags":{"state":"new"},"values":{"count":4}}
{"type":"metric.1","time":"2025-08-23T17:40:18.473637251-07:00","metricName":"server.metric_cardinality","metricType":"gauge","tags":{},"values":{"value":54}}
{"type":"metric.1","time":"2025-08-23T17:40:18.474497406-07:00","metricName":"server.request.size","metricType":"histogram","tags":{},"values":{"count":2,"max":0,"p95":0,"p99":0}}
{"metricName":"server.response","metricType":"timer","type":"metric.1","time":"2025-08-23T17:40:18.475738976-07:00","tags":{},"values":{"count":2,"max":2037,"p95":2037,"p99":2037}}
{"type":"metric.1","time":"2025-08-23T17:40:18.476547413-07:00","metricName":"server.response.size","metricType":"histogram","tags":{},"values":{"count":2,"max":4,"p95":4,"p99":4}}
{"metricName":"server.uptime","metricType":"gauge","type":"metric.1","time":"2025-08-23T17:40:18.477549667-07:00","tags":{"go_arch":"amd64","go_os":"linux","go_version":"go1.25.0"},"values":{"value":90021805}}
{"metricName":"go.runtime.MemStats.Alloc","metricType":"gauge","type":"metric.1","time":"2025-08-23T17:40:48.455301066-07:00","tags":{},"values":{"value":2714184}}
{"type":"metric.1","time":"2025-08-23T17:40:48.45653069-07:00","metricName":"go.runtime.MemStats.GCCPUFraction","metricType":"gauge","tags":{},"values":{"value":0}}
{"metricName":"go.runtime.MemStats.HeapAlloc","metricType":"gauge","type":"metric.1","time":"2025-08-23T17:40:48.457243851-07:00","tags":{},"values":{"value":2714184}}
{"type":"metric.1","time":"2025-08-23T17:40:48.457858962-07:00","metricName":"go.runtime.MemStats.HeapIdle","metricType":"gauge","tags":{},"values":{"value":3653632}}
{"type":"metric.1","time":"2025-08-23T17:40:48.458364114-07:00","metricName":"go.runtime.MemStats.HeapInuse","metricType":"gauge","tags":{},"values":{"value":4046848}}
{"type":"metric.1","time":"2025-08-23T17:40:48.458868896-07:00","metricName":"go.runtime.MemStats.HeapObjects","metricType":"gauge","tags":{},"values":{"value":18014}}
{"type":"metric.1","time":"2025-08-23T17:40:48.459457152-07:00","metricName":"go.runtime.MemStats.HeapReleased","metricType":"gauge","tags":{},"values":{"value":3522560}}
{"type":"metric.1","time":"2025-08-23T17:40:48.460116034-07:00","metricName":"go.runtime.MemStats.HeapSys","metricType":"gauge","tags":{},"values":{"value":7700480}}
{"type":"metric.1","time":"2025-08-23T17:40:48.460643787-07:00","metricName":"go.runtime.MemStats.NumGC","metricType":"gauge","tags":{},"values":{"value":0}}
{"type":"metric.1","time":"2025-08-23T17:40:48.461241254-07:00","metricName":"go.runtime.MemStats.PauseNs","metricType":"histogram","tags":{},"values":{"count":0,"max":0,"p95":0,"p99":0}}
{"metricName":"go.runtime.MemStats.StackInuse","metricType":"gauge","type":"metric.1","time":"2025-08-23T17:40:48.461945523-07:00","tags":{},"values":{"value":688128}}
{"type":"metric.1","time":"2025-08-23T17:40:48.462641701-07:00","metricName":"go.runtime.NumGoroutine","metricType":"gauge","tags":{},"values":{"value":13}}
{"time":"2025-08-23T17:40:48.463155836-07:00","metricName":"go.runtime.NumThread","metricType":"gauge","type":"metric.1","tags":{},"values":{"value":9}}
{"type":"metric.1","time":"2025-08-23T17:40:48.463857694-07:00","metricName":"go.runtime.ReadMemStats","metricType":"timer","tags":{},"values":{"count":4,"max":977347,"p95":977347,"p99":977347}}
{"type":"metric.1","time":"2025-08-23T17:40:48.464638693-07:00","metricName":"logging.sls.length","metricType":"histogram","tags":{"type":"metrics"},"values":{"count":113,"max":210,"p95":204,"p99":210}}
{"metricType":"histogram","type":"metric.1","time":"2025-08-23T17:40:48.465364546-07:00","metricName":"logging.sls.length","tags":{"type":"request"},"values":{"count":2,"max":1064,"p95":1064,"p99":1064}}
{"type":"metric.1","time":"2025-08-23T17:40:48.466080731-07:00","metricName":"logging.sls.length","metricType":"histogram","tags":{"type":"service"},"values":{"count":2,"max":258,"p95":258,"p99":258}}
{"metricType":"meter","type":"metric.1","time":"2025-08-23T17:40:48.466683921-07:00","metricName":"logging.sls","tags":{"level":"debug","type":"service.1"},"values":{"count":1}}
{"metricType":"meter","type":"metric.1","time":"2025-08-23T17:40:48.467993261-07:00","metricName":"logging.sls","tags":{"level":"info","type":"service.1"},"values":{"count":2}}
{"type":"metric.1","time":"2025-08-23T17:40:48.46947546-07:00","metricName":"logging.sls","metricType":"meter","tags":{"type":"metric.1"},"values":{"count":118}}
{"type":"metric.1","time":"2025-08-23T17:40:48.470243963-07:00","metricName":"logging.sls","metricType":"meter","tags":{"type":"request.2"},"values":{"count":2}}
{"type":"metric.1","time":"2025-08-23T17:40:48.471057549-07:00","metricName":"server.conn_state_change","metricType":"counter","tags":{"state":"active"},"values":{"count":3}}
{"type":"metric.1","time":"2025-08-23T17:40:48.471876023-07:00","metricName":"server.conn_state_change","metricType":"counter","tags":{"state":"closed"},"values":{"count":3}}
{"time":"2025-08-23T17:40:48.472540266-07:00","metricName":"server.conn_state_change","metricType":"counter","type":"metric.1","tags":{"state":"idle"},"values":{"count":3}}
{"metricType":"counter","type":"metric.1","time":"2025-08-23T17:40:48.473317199-07:00","metricName":"server.conn_state_change","tags":{"state":"new"},"values":{"count":4}}
{"type":"metric.1","time":"2025-08-23T17:40:48.473833079-07:00","metricName":"server.metric_cardinality","metricType":"gauge","tags":{},"values":{"value":54}}
{"type":"metric.1","time":"2025-08-23T17:40:48.474403344-07:00","metricName":"server.request.size","metricType":"histogram","tags":{},"values":{"count":2,"max":0,"p95":0,"p99":0}}
{"type":"metric.1","time":"2025-08-23T17:40:48.475024521-07:00","metricName":"server.response","metricType":"timer","tags":{},"values":{"count":2,"max":2037,"p95":2037,"p99":2037}}
{"type":"metric.1","time":"2025-08-23T17:40:48.475991811-07:00","metricName":"server.response.size","metricType":"histogram","tags":{},"values":{"count":2,"max":4,"p95":4,"p99":4}}
{"metricName":"server.uptime","metricType":"gauge","type":"metric.1","time":"2025-08-23T17:40:48.476547434-07:00","tags":{"go_arch":"amd64","go_os":"linux","go_version":"go1.25.0"},"values":{"value":120021955}}
{"metricType":"gauge","type":"metric.1","time":"2025-08-23T17:41:18.454211637-07:00","metricName":"go.runtime.MemStats.Alloc","tags":{},"values":{"value":2864096}}
{"type":"metric.1","time":"2025-08-23T17:41:18.455930214-07:00","metricName":"go.runtime.MemStats.GCCPUFraction","metricType":"gauge","tags":{},"values":{"value":0}}
{"type":"metric.1","time":"2025-08-23T17:41:18.456434352-07:00","metricName":"go.runtime.MemStats.HeapAlloc","metricType":"gauge","tags":{},"values":{"value":2864096}}
{"metricType":"gauge","type":"metric.1","time":"2025-08-23T17:41:18.456834057-07:00","metricName":"go.runtime.MemStats.HeapIdle","tags":{},"values":{"value":3473408}}
{"time":"2025-08-23T17:41:18.457286517-07:00","metricName":"go.runtime.MemStats.HeapInuse","metricType":"gauge","type":"metric.1","tags":{},"values":{"value":4227072}}
{"type":"metric.1","time":"2025-08-23T17:41:18.457715026-07:00","metricName":"go.runtime.MemStats.HeapObjects","metricType":"gauge","tags":{},"values":{"value":19737}}
{"type":"metric.1","time":"2025-08-23T17:41:18.458198875-07:00","metricName":"go.runtime.MemStats.HeapReleased","metricType":"gauge","tags":{},"values":{"value":3350528}}
{"metricType":"gauge","type":"metric.1","time":"2025-08-23T17:41:18.45855879-07:00","metricName":"go.runtime.MemStats.HeapSys","tags":{},"values":{"value":7700480}}
{"type":"metric.1","time":"2025-08-23T17:41:18.45895511-07:00","metricName":"go.runtime.MemStats.NumGC","metricType":"gauge","tags":{},"values":{"value":0}}
{"type":"metric.1","time":"2025-08-23T17:41:18.459432285-07:00","metricName":"go.runtime.MemStats.PauseNs","metricType":"histogram","tags":{},"values":{"count":0,"max":0,"p95":0,"p99":0}}
{"type":"metric.1","time":"2025-08-23T17:41:18.459934812-07:00","metricName":"go.runtime.MemStats.StackInuse","metricType":"gauge","tags":{},"values":{"value":688128}}
{"time":"2025-08-23T17:41:18.460285809-07:00","metricName":"go.runtime.NumGoroutine","metricType":"gauge","type":"metric.1","tags":{},"values":{"value":13}}
{"time":"2025-08-23T17:41:18.460759743-07:00","metricName":"go.runtime.NumThread","metricType":"gauge","type":"metric.1","tags":{},"values":{"value":9}}
{"type":"metric.1","time":"2025-08-23T17:41:18.461103626-07:00","metricName":"go.runtime.ReadMemStats","metricType":"timer","tags":{},"values":{"count":5,"max":977347,"p95":977347,"p99":977347}}
{"type":"metric.1","time":"2025-08-23T17:41:18.461571285-07:00","metricName":"logging.sls.length","metricType":"histogram","tags":{"type":"metrics"},"values":{"count":143,"max":211,"p95":204,"p99":210.56}}
{"time":"2025-08-23T17:41:18.46217342-07:00","metricName":"logging.sls.length","metricType":"histogram","type":"metric.1","tags":{"type":"request"},"values":{"count":2,"max":1064,"p95":1064,"p99":1064}}
{"time":"2025-08-23T17:41:18.462774503-07:00","metricName":"logging.sls.length","metricType":"histogram","type":"metric.1","tags":{"type":"service"},"values":{"count":2,"max":258,"p95":258,"p99":258}}
{"type":"metric.1","time":"2025-08-23T17:41:18.463282368-07:00","metricName":"logging.sls","metricType":"meter","tags":{"level":"debug","type":"service.1"},"values":{"count":1}}
{"type":"metric.1","time":"2025-08-23T17:41:18.464059321-07:00","metricName":"logging.sls","metricType":"meter","tags":{"level":"info","type":"service.1"},"values":{"count":2}}
{"metricName":"logging.sls","metricType":"meter","type":"metric.1","time":"2025-08-23T17:41:18.464645688-07:00","tags":{"type":"metric.1"},"values":{"count":148}}
{"time":"2025-08-23T17:41:18.465321336-07:00","metricName":"logging.sls","metricType":"meter","type":"metric.1","tags":{"type":"request.2"},"values":{"count":2}}
{"type":"metric.1","time":"2025-08-23T17:41:18.465858126-07:00","metricName":"server.conn_state_change","metricType":"counter","tags":{"state":"active"},"values":{"count":3}}
{"type":"metric.1","time":"2025-08-23T17:41:18.466577258-07:00","metricName":"server.conn_state_change","metricType":"counter","tags":{"state":"closed"},"values":{"count":3}}
{"type":"metric.1","time":"2025-08-23T17:41:18.467174367-07:00","metricName":"server.conn_state_change","metricType":"counter","tags":{"state":"idle"},"values":{"count":3}}
{"type":"metric.1","time":"2025-08-23T17:41:18.468770381-07:00","metricName":"server.conn_state_change","metricType":"counter","tags":{"state":"new"},"values":{"count":4}}
{"type":"metric.1","time":"2025-08-23T17:41:18.469138902-07:00","metricName":"server.metric_cardinality","metricType":"gauge","tags":{},"values":{"value":54}}
{"metricType":"histogram","type":"metric.1","time":"2025-08-23T17:41:18.46965428-07:00","metricName":"server.request.size","tags":{},"values":{"count":2,"max":0,"p95":0,"p99":0}}
{"type":"metric.1","time":"2025-08-23T17:41:18.470261108-07:00","metricName":"server.response","metricType":"timer","tags":{},"values":{"count":2,"max":2037,"p95":2037,"p99":2037}}
{"metricType":"histogram","type":"metric.1","time":"2025-08-23T17:41:18.471471562-07:00","metricName":"server.response.size","tags":{},"values":{"count":2,"max":4,"p95":4,"p99":4}}
{"type":"metric.1","time":"2025-08-23T17:41:18.474814008-07:00","metricName":"server.uptime","metricType":"gauge","tags":{"go_arch":"amd64","go_os":"linux","go_version":"go1.25.0"},"values":{"value":150020985}}
{"type":"metric.1","time":"2025-08-23T17:41:44.747034657-07:00","metricName":"go.runtime.MemStats.Alloc","metricType":"gauge","tags":{},"values":{"value":3017072}}
{"type":"metric.1","time":"2025-08-23T17:41:44.748011256-07:00","metricName":"go.runtime.MemStats.GCCPUFraction","metricType":"gauge","tags":{},"values":{"value":0}}
{"time":"2025-08-23T17:41:44.749094585-07:00","metricName":"go.runtime.MemStats.HeapAlloc","metricType":"gauge","type":"metric.1","tags":{},"values":{"value":3017072}}
{"type":"metric.1","time":"2025-08-23T17:41:44.754784164-07:00","metricName":"go.runtime.MemStats.HeapIdle","metricType":"gauge","tags":{},"values":{"value":3350528}}
{"type":"metric.1","time":"2025-08-23T17:41:44.755615544-07:00","metricName":"go.runtime.MemStats.HeapInuse","metricType":"gauge","tags":{},"values":{"value":4349952}}
{"type":"metric.1","time":"2025-08-23T17:41:44.756017894-07:00","metricName":"go.runtime.MemStats.HeapObjects","metricType":"gauge","tags":{},"values":{"value":21521}}
{"type":"metric.1","time":"2025-08-23T17:41:44.759104738-07:00","metricName":"go.runtime.MemStats.HeapReleased","metricType":"gauge","tags":{},"values":{"value":3260416}}
{"type":"metric.1","time":"2025-08-23T17:41:44.759544777-07:00","metricName":"go.runtime.MemStats.HeapSys","metricType":"gauge","tags":{},"values":{"value":7700480}}
{"type":"metric.1","time":"2025-08-23T17:41:44.759892608-07:00","metricName":"go.runtime.MemStats.NumGC","metricType":"gauge","tags":{},"values":{"value":0}}
{"metricType":"histogram","type":"metric.1","time":"2025-08-23T17:41:44.760651602-07:00","metricName":"go.runtime.MemStats.PauseNs","tags":{},"values":{"count":0,"max":0,"p95":0,"p99":0}}
{"type":"metric.1","time":"2025-08-23T17:41:44.761046341-07:00","metricName":"go.runtime.MemStats.StackInuse","metricType":"gauge","tags":{},"values":{"value":688128}}
{"metricName":"go.runtime.NumGoroutine","metricType":"gauge","type":"metric.1","time":"2025-08-23T17:41:44.76139628-07:00","tags":{},"values":{"value":14}}
{"type":"metric.1","time":"2025-08-23T17:41:44.761693315-07:00","metricName":"go.runtime.NumThread","metricType":"gauge","tags":{},"values":{"value":9}}
{"type":"metric.1","time":"2025-08-23T17:41:44.762095526-07:00","metricName":"go.runtime.ReadMemStats","metricType":"timer","tags":{},"values":{"count":6,"max":977347,"p95":977347,"p99":977347}}
{"type":"metric.1","time":"2025-08-23T17:41:44.762547744-07:00","metricName":"logging.sls.length","metricType":"histogram","tags":{"type":"metrics"},"values":{"count":173,"max":211,"p95":204,"p99":211}}
{"type":"metric.1","time":"2025-08-23T17:41:44.762901292-07:00","metricName":"logging.sls.length","metricType":"histogram","tags":{"type":"request"},"values":{"count":2,"max":1064,"p95":1064,"p99":1064}}
{"type":"metric.1","time":"2025-08-23T17:41:44.763240475-07:00","metricName":"logging.sls.length","metricType":"histogram","tags":{"type":"service"},"values":{"count":5,"max":258,"p95":258,"p99":258}}
{"type":"metric.1","time":"2025-08-23T17:41:44.763537175-07:00","metricName":"logging.sls","metricType":"meter","tags":{"level":"debug","type":"service.1"},"values":{"count":1}}
{"type":"metric.1","time":"2025-08-23T17:41:44.763814932-07:00","metricName":"logging.sls","metricType":"meter","tags":{"level":"info","type":"service.1"},"values":{"count":5}}
{"type":"metric.1","time":"2025-08-23T17:41:44.764131762-07:00","metricName":"logging.sls","metricType":"meter","tags":{"type":"metric.1"},"values":{"count":178}}
{"type":"metric.1","time":"2025-08-23T17:41:44.764808839-07:00","metricName":"logging.sls","metricType":"meter","tags":{"type":"request.2"},"values":{"count":2}}
{"time":"2025-08-23T17:41:44.765197174-07:00","metricName":"server.conn_state_change","metricType":"counter","type":"metric.1","tags":{"state":"active"},"values":{"count":3}}
{"type":"metric.1","time":"2025-08-23T17:41:44.765463291-07:00","metricName":"server.conn_state_change","metricType":"counter","tags":{"state":"closed"},"values":{"count":4}}
{"time":"2025-08-23T17:41:44.76571966-07:00","metricName":"server.conn_state_change","metricType":"counter","type":"metric.1","tags":{"state":"idle"},"values":{"count":3}}
{"type":"metric.1","time":"2025-08-23T17:41:44.770845847-07:00","metricName":"server.conn_state_change","metricType":"counter","tags":{"state":"new"},"values":{"count":4}}
{"metricType":"gauge","type":"metric.1","time":"2025-08-23T17:41:44.771208276-07:00","metricName":"server.metric_cardinality","tags":{},"values":{"value":54}}
{"metricName":"server.request.size","metricType":"histogram","type":"metric.1","time":"2025-08-23T17:41:44.771542348-07:00","tags":{},"values":{"count":2,"max":0,"p95":0,"p99":0}}
{"type":"metric.1","time":"2025-08-23T17:41:44.771900413-07:00","metricName":"server.response","metricType":"timer","tags":{},"values":{"count":2,"max":2037,"p95":2037,"p99":2037}}
{"type":"metric.1","time":"2025-08-23T17:41:44.77217511-07:00","metricName":"server.response.size","metricType":"histogram","tags":{},"values":{"count":2,"max":4,"p95":4,"p99":4}}
{"type":"metric.1","time":"2025-08-23T17:41:44.772423226-07:00","metricName":"server.uptime","metricType":"gauge","tags":{"go_arch":"amd64","go_os":"linux","go_version":"go1.25.0"},"values":{"value":176313855}}
{"metricName":"go.runtime.MemStats.Alloc","metricType":"gauge","type":"metric.1","time":"2025-08-23T17:47:18.757055676-07:00","tags":{},"values":{"value":1498752}}
{"type":"metric.1","time":"2025-08-23T17:47:18.76972805-07:00","metricName":"go.runtime.MemStats.GCCPUFraction","metricType":"gauge","tags":{},"values":{"value":0}}
{"type":"metric.1","time":"2025-08-23T17:47:18.772055078-07:00","metricName":"go.runtime.MemStats.HeapAlloc","metricType":"gauge","tags":{},"values":{"value":1498752}}
{"type":"metric.1","time":"2025-08-23T17:47:18.773248361-07:00","metricName":"go.runtime.MemStats.HeapIdle","metricType":"gauge","tags":{},"values":{"value":4964352}}
{"type":"metric.1","time":"2025-08-23T17:47:18.775125617-07:00","metricName":"go.runtime.MemStats.HeapInuse","metricType":"gauge","tags":{},"values":{"value":2768896}}
{"time":"2025-08-23T17:47:18.7766737-07:00","metricName":"go.runtime.MemStats.HeapObjects","metricType":"gauge","type":"metric.1","tags":{},"values":{"value":7485}}
{"type":"metric.1","time":"2025-08-23T17:47:18.777459315-07:00","metricName":"go.runtime.MemStats.HeapReleased","metricType":"gauge","tags":{},"values":{"value":4915200}}
{"time":"2025-08-23T17:47:18.778348039-07:00","metricName":"go.runtime.MemStats.HeapSys","metricType":"gauge","type":"metric.1","tags":{},"values":{"value":7733248}}
{"type":"metric.1","time":"2025-08-23T17:47:18.778874837-07:00","metricName":"go.runtime.MemStats.NumGC","metricType":"gauge","tags":{},"values":{"value":0}}
{"type":"metric.1","time":"2025-08-23T17:47:18.779538468-07:00","metricName":"go.runtime.MemStats.PauseNs","metricType":"histogram","tags":{},"values":{"count":0,"max":0,"p95":0,"p99":0}}
{"type":"metric.1","time":"2025-08-23T17:47:18.780213926-07:00","metricName":"go.runtime.MemStats.StackInuse","metricType":"gauge","tags":{},"values":{"value":655360}}
{"type":"metric.1","time":"2025-08-23T17:47:18.780866418-07:00","metricName":"go.runtime.NumGoroutine","metricType":"gauge","tags":{},"values":{"value":12}}
{"metricType":"gauge","type":"metric.1","time":"2025-08-23T17:47:18.781340111-07:00","metricName":"go.runtime.NumThread","tags":{},"values":{"value":9}}
{"time":"2025-08-23T17:47:18.782309755-07:00","metricName":"go.runtime.ReadMemStats","metricType":"timer","type":"metric.1","tags":{},"values":{"count":0,"max":0,"p95":0,"p99":0}}
{"time":"2025-08-23T17:47:18.782809773-07:00","metricName":"go.runtime.ReadMemStats","metricType":"timer","type":"metric.1","tags":{},"values":{"count":1,"max":1015886,"p95":1015886,"p99":1015886}}
{"type":"metric.1","time":"2025-08-23T17:47:18.783462831-07:00","metricName":"logging.sls.length","metricType":"histogram","tags":{"type":"request"},"values":{"count":0,"max":0,"p95":0,"p99":0}}
{"type":"metric.1","time":"2025-08-23T17:47:18.784151126-07:00","metricName":"logging.sls.length","metricType":"histogram","tags":{"type":"request"},"values":{"count":1,"max":1069,"p95":1069,"p99":1069}}
{"type":"metric.1","time":"2025-08-23T17:47:18.784898333-07:00","metricName":"logging.sls.length","metricType":"histogram","tags":{"type":"service"},"values":{"count":0,"max":0,"p95":0,"p99":0}}
{"metricType":"histogram","type":"metric.1","time":"2025-08-23T17:47:18.787866461-07:00","metricName":"logging.sls.length","tags":{"type":"service"},"values":{"count":1,"max":217,"p95":217,"p99":217}}
{"type":"metric.1","time":"2025-08-23T17:47:18.788381318-07:00","metricName":"logging.sls","metricType":"meter","tags":{"level":"debug","type":"service.1"},"values":{"count":0}}
{"time":"2025-08-23T17:47:18.790414966-07:00","metricName":"logging.sls","metricType":"meter","type":"metric.1","tags":{"level":"debug","type":"service.1"},"values":{"count":1}}
{"type":"metric.1","time":"2025-08-23T17:47:18.791234808-07:00","metricName":"logging.sls","metricType":"meter","tags":{"level":"info","type":"service.1"},"values":{"count":0}}
{"time":"2025-08-23T17:47:18.791969187-07:00","metricName":"logging.sls","metricType":"meter","type":"metric.1","tags":{"level":"info","type":"service.1"},"values":{"count":1}}
{"type":"metric.1","time":"2025-08-23T17:47:18.792791043-07:00","metricName":"logging.sls","metricType":"meter","tags":{"type":"request.2"},"values":{"count":0}}
{"type":"metric.1","time":"2025-08-23T17:47:18.793657864-07:00","metricName":"logging.sls","metricType":"meter","tags":{"type":"request.2"},"values":{"count":1}}
{"type":"metric.1","time":"2025-08-23T17:47:18.794053596-07:00","metricName":"server.conn_state_change","metricType":"counter","tags":{"state":"active"},"values":{"count":2}}
{"type":"metric.1","time":"2025-08-23T17:47:18.79481441-07:00","metricName":"server.conn_state_change","metricType":"counter","tags":{"state":"closed"},"values":{"count":3}}
{"metricName":"server.conn_state_change","metricType":"counter","type":"metric.1","time":"2025-08-23T17:47:18.795225908-07:00","tags":{"state":"idle"},"values":{"count":2}}
{"metricName":"server.conn_state_change","metricType":"counter","type":"metric.1","time":"2025-08-23T17:47:18.79560282-07:00","tags":{"state":"new"},"values":{"count":4}}
{"type":"metric.1","time":"2025-08-23T17:47:18.796195943-07:00","metricName":"server.metric_cardinality","metricType":"gauge","tags":{},"values":{"value":48}}
{"metricType":"histogram","type":"metric.1","time":"2025-08-23T17:47:18.796798196-07:00","metricName":"server.request.size","tags":{"endpoint":"get","method":"get","service-name":"mynumberservice"},"values":{"count":0,"max":0,"p95":0,"p99":0}}
{"metricType":"histogram","type":"metric.1","time":"2025-08-23T17:47:18.797424887-07:00","metricName":"server.request.size","tags":{"endpoint":"get","method":"get","service-name":"mynumberservice"},"values":{"count":1,"max":0,"p95":0,"p99":0}}
{"type":"metric.1","time":"2025-08-23T17:47:18.797965723-07:00","metricName":"server.response.size","metricType":"histogram","tags":{"endpoint":"get","method":"get","service-name":"mynumberservice"},"values":{"count":0,"max":0,"p95":0,"p99":0}}
{"type":"metric.1","time":"2025-08-23T17:47:18.798547039-07:00","metricName":"server.response.size","metricType":"histogram","tags":{"endpoint":"get","method":"get","service-name":"mynumberservice"},"values":{"count":1,"max":4,"p95":4,"p99":4}}
{"type":"metric.1","time":"2025-08-23T17:47:18.799176763-07:00","metricName":"server.response","metricType":"timer","tags":{"endpoint":"get","method":"get","service-name":"mynumberservice"},"values":{"count":0,"max":0,"p95":0,"p99":0}}
{"type":"metric.1","time":"2025-08-23T17:47:18.799728586-07:00","metricName":"server.response","metricType":"timer","tags":{"endpoint":"get","method":"get","service-name":"mynumberservice"},"values":{"count":1,"max":3301,"p95":3301,"p99":3301}}
{"type":"metric.1","time":"2025-08-23T17:47:18.800324266-07:00","metricName":"server.uptime","metricType":"gauge","tags":{"go_arch":"amd64","go_os":"linux","go_version":"go1.25.0"},"values":{"value":30023590}}
{"time":"2025-08-23T17:47:48.753850789-07:00","metricName":"go.runtime.MemStats.Alloc","metricType":"gauge","type":"metric.1","tags":{},"values":{"value":1916864}}
{"metricName":"go.runtime.MemStats.GCCPUFraction","metricType":"gauge","type":"metric.1","time":"2025-08-23T17:47:48.755071479-07:00","tags":{},"values":{"value":0}}
{"type":"metric.1","time":"2025-08-23T17:47:48.755736384-07:00","metricName":"go.runtime.MemStats.HeapAlloc","metricType":"gauge","tags":{},"values":{"value":1916864}}
{"type":"metric.1","time":"2025-08-23T17:47:48.756417282-07:00","metricName":"go.runtime.MemStats.HeapIdle","metricType":"gauge","tags":{},"values":{"value":4636672}}
{"metricType":"gauge","type":"metric.1","time":"2025-08-23T17:47:48.756987759-07:00","metricName":"go.runtime.MemStats.HeapInuse","tags":{},"values":{"value":3063808}}
{"metricType":"gauge","type":"metric.1","time":"2025-08-23T17:47:48.757579723-07:00","metricName":"go.runtime.MemStats.HeapObjects","tags":{},"values":{"value":10195}}
{"type":"metric.1","time":"2025-08-23T17:47:48.758190736-07:00","metricName":"go.runtime.MemStats.HeapReleased","metricType":"gauge","tags":{},"values":{"value":4587520}}
{"type":"metric.1","time":"2025-08-23T17:47:48.758806247-07:00","metricName":"go.runtime.MemStats.HeapSys","metricType":"gauge","tags":{},"values":{"value":7700480}}
{"type":"metric.1","time":"2025-08-23T17:47:48.759287068-07:00","metricName":"go.runtime.MemStats.NumGC","metricType":"gauge","tags":{},"values":{"value":0}}
{"type":"metric.1","time":"2025-08-23T17:47:48.759897425-07:00","metricName":"go.runtime.MemStats.PauseNs","metricType":"histogram","tags":{},"values":{"count":0,"max":0,"p95":0,"p99":0}}
{"type":"metric.1","time":"2025-08-23T17:47:48.760494036-07:00","metricName":"go.runtime.MemStats.StackInuse","metricType":"gauge","tags":{},"values":{"value":688128}}
{"type":"metric.1","time":"2025-08-23T17:47:48.761828747-07:00","metricName":"go.runtime.NumGoroutine","metricType":"gauge","tags":{},"values":{"value":13}}
{"type":"metric.1","time":"2025-08-23T17:47:48.763481871-07:00","metricName":"go.runtime.NumThread","metricType":"gauge","tags":{},"values":{"value":9}}
{"metricName":"go.runtime.ReadMemStats","metricType":"timer","type":"metric.1","time":"2025-08-23T17:47:48.764445282-07:00","tags":{},"values":{"count":2,"max":1015886,"p95":1015886,"p99":1015886}}
{"type":"metric.1","time":"2025-08-23T17:47:48.765274055-07:00","metricName":"logging.sls.length","metricType":"histogram","tags":{"type":"metrics"},"values":{"count":0,"max":0,"p95":0,"p99":0}}
{"type":"metric.1","time":"2025-08-23T17:47:48.766052788-07:00","metricName":"logging.sls.length","metricType":"histogram","tags":{"type":"metrics"},"values":{"count":51,"max":245,"p95":245,"p99":245}}
{"type":"metric.1","time":"2025-08-23T17:47:48.76685273-07:00","metricName":"logging.sls.length","metricType":"histogram","tags":{"type":"request"},"values":{"count":2,"max":1069,"p95":1069,"p99":1069}}
{"metricType":"histogram","type":"metric.1","time":"2025-08-23T17:47:48.767637096-07:00","metricName":"logging.sls.length","tags":{"type":"service"},"values":{"count":2,"max":258,"p95":258,"p99":258}}
{"type":"metric.1","time":"2025-08-23T17:47:48.768469165-07:00","metricName":"logging.sls","metricType":"meter","tags":{"level":"debug","type":"service.1"},"values":{"count":1}}
{"type":"metric.1","time":"2025-08-23T17:47:48.769327415-07:00","metricName":"logging.sls","metricType":"meter","tags":{"level":"info","type":"service.1"},"values":{"count":2}}
{"time":"2025-08-23T17:47:48.770058357-07:00","metricName":"logging.sls","metricType":"meter","type":"metric.1","tags":{"type":"metric.1"},"values":{"count":0}}
{"time":"2025-08-23T17:47:48.770747688-07:00","metricName":"logging.sls","metricType":"meter","type":"metric.1","tags":{"type":"metric.1"},"values":{"count":57}}
{"type":"metric.1","time":"2025-08-23T17:47:48.771485041-07:00","metricName":"logging.sls","metricType":"meter","tags":{"type":"request.2"},"values":{"count":2}}
{"type":"metric.1","time":"2025-08-23T17:47:48.772175188-07:00","metricName":"server.conn_state_change","metricType":"counter","tags":{"state":"active"},"values":{"count":3}}
{"metricType":"counter","type":"metric.1","time":"2025-08-23T17:47:48.772731908-07:00","metricName":"server.conn_state_change","tags":{"state":"closed"},"values":{"count":3}}
{"type":"metric.1","time":"2025-08-23T17:47:48.773135991-07:00","metricName":"server.conn_state_change","metricType":"counter","tags":{"state":"idle"},"values":{"count":3}}
{"type":"metric.1","time":"2025-08-23T17:47:48.773731052-07:00","metricName":"server.conn_state_change","metricType":"counter","tags":{"state":"new"},"values":{"count":4}}
{"metricName":"server.metric_cardinality","metricType":"gauge","type":"metric.1","time":"2025-08-23T17:47:48.774503931-07:00","tags":{},"values":{"value":54}}
{"type":"metric.1","time":"2025-08-23T17:47:48.77522192-07:00","metricName":"server.request.size","metricType":"histogram","tags":{"endpoint":"get","method":"get","service-name":"mynumberservice"},"values":{"count":2,"max":0,"p95":0,"p99":0}}
{"type":"metric.1","time":"2025-08-23T17:47:48.775973362-07:00","metricName":"server.response.size","metricType":"histogram","tags":{"endpoint":"get","method":"get","service-name":"mynumberservice"},"values":{"count":2,"max":6,"p95":6,"p99":6}}
{"metricName":"server.response","metricType":"timer","type":"metric.1","time":"2025-08-23T17:47:48.776813808-07:00","tags":{"endpoint":"get","method":"get","service-name":"mynumberservice"},"values":{"count":2,"max":3301,"p95":3301,"p99":3301}}
{"type":"metric.1","time":"2025-08-23T17:47:48.778167066-07:00","metricName":"server.uptime","metricType":"gauge","tags":{"go_arch":"amd64","go_os":"linux","go_version":"go1.25.0"},"values":{"value":60020307}}
{"type":"metric.1","time":"2025-08-23T17:48:18.754001005-07:00","metricName":"go.runtime.MemStats.Alloc","metricType":"gauge","tags":{},"values":{"value":2094344}}
{"type":"metric.1","time":"2025-08-23T17:48:18.755236683-07:00","metricName":"go.runtime.MemStats.GCCPUFraction","metricType":"gauge","tags":{},"values":{"value":0}}
{"type":"metric.1","time":"2025-08-23T17:48:18.755840009-07:00","metricName":"go.runtime.MemStats.HeapAlloc","metricType":"gauge","tags":{},"values":{"value":2094344}}
{"metricName":"go.runtime.MemStats.HeapIdle","metricType":"gauge","type":"metric.1","time":"2025-08-23T17:48:18.756463868-07:00","tags":{},"values":{"value":4513792}}
{"type":"metric.1","time":"2025-08-23T17:48:18.757024027-07:00","metricName":"go.runtime.MemStats.HeapInuse","metricType":"gauge","tags":{},"values":{"value":3186688}}
{"type":"metric.1","time":"2025-08-23T17:48:18.757575969-07:00","metricName":"go.runtime.MemStats.HeapObjects","metricType":"gauge","tags":{},"values":{"value":12075}}
{"metricName":"go.runtime.MemStats.HeapReleased","metricType":"gauge","type":"metric.1","time":"2025-08-23T17:48:18.758235835-07:00","tags":{},"values":{"value":4497408}}
{"metricName":"go.runtime.MemStats.HeapSys","metricType":"gauge","type":"metric.1","time":"2025-08-23T17:48:18.759096454-07:00","tags":{},"values":{"value":7700480}}
{"type":"metric.1","time":"2025-08-23T17:48:18.759634288-07:00","metricName":"go.runtime.MemStats.NumGC","metricType":"gauge","tags":{},"values":{"value":0}}
{"type":"metric.1","time":"2025-08-23T17:48:18.760244329-07:00","metricName":"go.runtime.MemStats.PauseNs","metricType":"histogram","tags":{},"values":{"count":0,"max":0,"p95":0,"p99":0}}
{"metricName":"go.runtime.MemStats.StackInuse","metricType":"gauge","type":"metric.1","time":"2025-08-23T17:48:18.76088364-07:00","tags":{},"values":{"value":688128}}
{"type":"metric.1","time":"2025-08-23T17:48:18.761470411-07:00","metricName":"go.runtime.NumGoroutine","metricType":"gauge","tags":{},"values":{"value":13}}
{"type":"metric.1","time":"2025-08-23T17:48:18.762125165-07:00","metricName":"go.runtime.NumThread","metricType":"gauge","tags":{},"values":{"value":9}}
{"type":"metric.1","time":"2025-08-23T17:48:18.763768508-07:00","metricName":"go.runtime.ReadMemStats","metricType":"timer","tags":{},"values":{"count":3,"max":1015886,"p95":1015886,"p99":1015886}}
{"type":"metric.1","time":"2025-08-23T17:48:18.765988282-07:00","metricName":"logging.sls.length","metricType":"histogram","tags":{"type":"metrics"},"values":{"count":83,"max":245,"p95":245,"p99":245}}
{"metricName":"logging.sls.length","metricType":"histogram","type":"metric.1","time":"2025-08-23T17:48:18.76718397-07:00","tags":{"type":"request"},"values":{"count":2,"max":1069,"p95":1069,"p99":1069}}
{"type":"metric.1","time":"2025-08-23T17:48:18.767952158-07:00","metricName":"logging.sls.length","metricType":"histogram","tags":{"type":"service"},"values":{"count":2,"max":258,"p95":258,"p99":258}}
{"type":"metric.1","time":"2025-08-23T17:48:18.768554054-07:00","metricName":"logging.sls","metricType":"meter","tags":{"level":"debug","type":"service.1"},"values":{"count":1}}
{"type":"metric.1","time":"2025-08-23T17:48:18.769315006-07:00","metricName":"logging.sls","metricType":"meter","tags":{"level":"info","type":"service.1"},"values":{"count":2}}
{"type":"metric.1","time":"2025-08-23T17:48:18.770184212-07:00","metricName":"logging.sls","metricType":"meter","tags":{"type":"metric.1"},"values":{"count":88}}
{"type":"metric.1","time":"2025-08-23T17:48:18.770974563-07:00","metricName":"logging.sls","metricType":"meter","tags":{"type":"request.2"},"values":{"count":2}}
{"time":"2025-08-23T17:48:18.771618575-07:00","metricName":"server.conn_state_change","metricType":"counter","type":"metric.1","tags":{"state":"active"},"values":{"count":3}}
{"type":"metric.1","time":"2025-08-23T17:48:18.772255082-07:00","metricName":"server.conn_state_change","metricType":"counter","tags":{"state":"closed"},"values":{"count":3}}
{"type":"metric.1","time":"2025-08-23T17:48:18.772865256-07:00","metricName":"server.conn_state_change","metricType":"counter","tags":{"state":"idle"},"values":{"count":3}}
{"type":"metric.1","time":"2025-08-23T17:48:18.773422414-07:00","metricName":"server.conn_state_change","metricType":"counter","tags":{"state":"new"},"values":{"count":4}}
{"metricType":"gauge","type":"metric.1","time":"2025-08-23T17:48:18.774533881-07:00","metricName":"server.metric_cardinality","tags":{},"values":{"value":54}}
{"time":"2025-08-23T17:48:18.775309656-07:00","metricName":"server.request.size","metricType":"histogram","type":"metric.1","tags":{"endpoint":"get","method":"get","service-name":"mynumberservice"},"values":{"count":2,"max":0,"p95":0,"p99":0}}
{"metricName":"server.response.size","metricType":"histogram","type":"metric.1","time":"2025-08-23T17:48:18.776039055-07:00","tags":{"endpoint":"get","method":"get","service-name":"mynumberservice"},"values":{"count":2,"max":6,"p95":6,"p99":6}}
{"time":"2025-08-23T17:48:18.776758689-07:00","metricName":"server.response","metricType":"timer","type":"metric.1","tags":{"endpoint":"get","method":"get","service-name":"mynumberservice"},"values":{"count":2,"max":3301,"p95":3301,"p99":3301}}
{"metricType":"gauge","type":"metric.1","time":"2025-08-23T17:48:18.777342831-07:00","metricName":"server.uptime","tags":{"go_arch":"amd64","go_os":"linux","go_version":"go1.25.0"},"values":{"value":90020434}}
{"type":"metric.1","time":"2025-08-23T17:48:48.753750535-07:00","metricName":"go.runtime.MemStats.Alloc","metricType":"gauge","tags":{},"values":{"value":2245728}}
{"type":"metric.1","time":"2025-08-23T17:48:48.755181054-07:00","metricName":"go.runtime.MemStats.GCCPUFraction","metricType":"gauge","tags":{},"values":{"value":0}}
{"type":"metric.1","time":"2025-08-23T17:48:48.755921007-07:00","metricName":"go.runtime.MemStats.HeapAlloc","metricType":"gauge","tags":{},"values":{"value":2245728}}
{"type":"metric.1","time":"2025-08-23T17:48:48.756634113-07:00","metricName":"go.runtime.MemStats.HeapIdle","metricType":"gauge","tags":{},"values":{"value":4374528}}
{"metricType":"gauge","type":"metric.1","time":"2025-08-23T17:48:48.758130494-07:00","metricName":"go.runtime.MemStats.HeapInuse","tags":{},"values":{"value":3325952}}
{"time":"2025-08-23T17:48:48.759157967-07:00","metricName":"go.runtime.MemStats.HeapObjects","metricType":"gauge","type":"metric.1","tags":{},"values":{"value":13854}}
{"type":"metric.1","time":"2025-08-23T17:48:48.759827727-07:00","metricName":"go.runtime.MemStats.HeapReleased","metricType":"gauge","tags":{},"values":{"value":4358144}}
{"time":"2025-08-23T17:48:48.760657392-07:00","metricName":"go.runtime.MemStats.HeapSys","metricType":"gauge","type":"metric.1","tags":{},"values":{"value":7700480}}
{"time":"2025-08-23T17:48:48.761417533-07:00","metricName":"go.runtime.MemStats.NumGC","metricType":"gauge","type":"metric.1","tags":{},"values":{"value":0}}
{"type":"metric.1","time":"2025-08-23T17:48:48.762085638-07:00","metricName":"go.runtime.MemStats.PauseNs","metricType":"histogram","tags":{},"values":{"count":0,"max":0,"p95":0,"p99":0}}
{"metricType":"gauge","type":"metric.1","time":"2025-08-23T17:48:48.762771717-07:00","metricName":"go.runtime.MemStats.StackInuse","tags":{},"values":{"value":688128}}
{"type":"metric.1","time":"2025-08-23T17:48:48.763436413-07:00","metricName":"go.runtime.NumGoroutine","metricType":"gauge","tags":{},"values":{"value":13}}
{"time":"2025-08-23T17:48:48.764173429-07:00","metricName":"go.runtime.NumThread","metricType":"gauge","type":"metric.1","tags":{},"values":{"value":9}}
{"type":"metric.1","time":"2025-08-23T17:48:48.764906458-07:00","metricName":"go.runtime.ReadMemStats","metricType":"timer","tags":{},"values":{"count":4,"max":1015886,"p95":1015886,"p99":1015886}}
{"time":"2025-08-23T17:48:48.765645317-07:00","metricName":"logging.sls.length","metricType":"histogram","type":"metric.1","tags":{"type":"metrics"},"values":{"count":113,"max":245,"p95":245,"p99":245}}
{"type":"metric.1","time":"2025-08-23T17:48:48.766286661-07:00","metricName":"logging.sls.length","metricType":"histogram","tags":{"type":"request"},"values":{"count":2,"max":1069,"p95":1069,"p99":1069}}
{"metricName":"logging.sls.length","metricType":"histogram","type":"metric.1","time":"2025-08-23T17:48:48.766932368-07:00","tags":{"type":"service"},"values":{"count":2,"max":258,"p95":258,"p99":258}}
{"metricType":"meter","type":"metric.1","time":"2025-08-23T17:48:48.767551051-07:00","metricName":"logging.sls","tags":{"level":"debug","type":"service.1"},"values":{"count":1}}
{"metricName":"logging.sls","metricType":"meter","type":"metric.1","time":"2025-08-23T17:48:48.768081934-07:00","tags":{"level":"info","type":"service.1"},"values":{"count":2}}
{"metricName":"logging.sls","metricType":"meter","type":"metric.1","time":"2025-08-23T17:48:48.768654308-07:00","tags":{"type":"metric.1"},"values":{"count":118}}
{"type":"metric.1","time":"2025-08-23T17:48:48.769892652-07:00","metricName":"logging.sls","metricType":"meter","tags":{"type":"request.2"},"values":{"count":2}}
{"metricType":"counter","type":"metric.1","time":"2025-08-23T17:48:48.77101412-07:00","metricName":"server.conn_state_change","tags":{"state":"active"},"values":{"count":3}}
{"time":"2025-08-23T17:48:48.771872414-07:00","metricName":"server.conn_state_change","metricType":"counter","type":"metric.1","tags":{"state":"closed"},"values":{"count":3}}
{"metricType":"counter","type":"metric.1","time":"2025-08-23T17:48:48.772482932-07:00","metricName":"server.conn_state_change","tags":{"state":"idle"},"values":{"count":3}}
{"metricName":"server.conn_state_change","metricType":"counter","type":"metric.1","time":"2025-08-23T17:48:48.772995967-07:00","tags":{"state":"new"},"values":{"count":4}}
{"type":"metric.1","time":"2025-08-23T17:48:48.773861207-07:00","metricName":"server.metric_cardinality","metricType":"gauge","tags":{},"values":{"value":54}}
{"type":"metric.1","time":"2025-08-23T17:48:48.775183873-07:00","metricName":"server.request.size","metricType":"histogram","tags":{"endpoint":"get","method":"get","service-name":"mynumberservice"},"values":{"count":2,"max":0,"p95":0,"p99":0}}
{"metricName":"server.response.size","metricType":"histogram","type":"metric.1","time":"2025-08-23T17:48:48.775928841-07:00","tags":{"endpoint":"get","method":"get","service-name":"mynumberservice"},"values":{"count":2,"max":6,"p95":6,"p99":6}}
{"time":"2025-08-23T17:48:48.776415255-07:00","metricName":"server.response","metricType":"timer","type":"metric.1","tags":{"endpoint":"get","method":"get","service-name":"mynumberservice"},"values":{"count":2,"max":3301,"p95":3301,"p99":3301}}
{"type":"metric.1","time":"2025-08-23T17:48:48.777386723-07:00","metricName":"server.uptime","metricType":"gauge","tags":{"go_arch":"amd64","go_os":"linux","go_version":"go1.25.0"},"values":{"value":120020280}}
{"type":"metric.1","time":"2025-08-23T17:49:18.753636479-07:00","metricName":"go.runtime.MemStats.Alloc","metricType":"gauge","tags":{},"values":{"value":2397744}}
{"type":"metric.1","time":"2025-08-23T17:49:18.754684333-07:00","metricName":"go.runtime.MemStats.GCCPUFraction","metricType":"gauge","tags":{},"values":{"value":0}}
{"type":"metric.1","time":"2025-08-23T17:49:18.755259036-07:00","metricName":"go.runtime.MemStats.HeapAlloc","metricType":"gauge","tags":{},"values":{"value":2397744}}
{"time":"2025-08-23T17:49:18.756118214-07:00","metricName":"go.runtime.MemStats.HeapIdle","metricType":"gauge","type":"metric.1","tags":{},"values":{"value":4227072}}
{"time":"2025-08-23T17:49:18.760522299-07:00","metricName":"go.runtime.MemStats.HeapInuse","metricType":"gauge","type":"metric.1","tags":{},"values":{"value":3473408}}
{"type":"metric.1","time":"2025-08-23T17:49:18.761077396-07:00","metricName":"go.runtime.MemStats.HeapObjects","metricType":"gauge","tags":{},"values":{"value":15629}}
{"type":"metric.1","time":"2025-08-23T17:49:18.761706654-07:00","metricName":"go.runtime.MemStats.HeapReleased","metricType":"gauge","tags":{},"values":{"value":4227072}}
{"type":"metric.1","time":"2025-08-23T17:49:18.762387892-07:00","metricName":"go.runtime.MemStats.HeapSys","metricType":"gauge","tags":{},"values":{"value":7700480}}
{"time":"2025-08-23T17:49:18.763266524-07:00","metricName":"go.runtime.MemStats.NumGC","metricType":"gauge","type":"metric.1","tags":{},"values":{"value":0}}
{"type":"metric.1","time":"2025-08-23T17:49:18.763985088-07:00","metricName":"go.runtime.MemStats.PauseNs","metricType":"histogram","tags":{},"values":{"count":0,"max":0,"p95":0,"p99":0}}
{"metricType":"gauge","type":"metric.1","time":"2025-08-23T17:49:18.764861173-07:00","metricName":"go.runtime.MemStats.StackInuse","tags":{},"values":{"value":688128}}
{"type":"metric.1","time":"2025-08-23T17:49:18.765437092-07:00","metricName":"go.runtime.NumGoroutine","metricType":"gauge","tags":{},"values":{"value":13}}
{"type":"metric.1","time":"2025-08-23T17:49:18.766228938-07:00","metricName":"go.runtime.NumThread","metricType":"gauge","tags":{},"values":{"value":9}}
{"type":"metric.1","time":"2025-08-23T17:49:18.766988785-07:00","metricName":"go.runtime.ReadMemStats","metricType":"timer","tags":{},"values":{"count":5,"max":1015886,"p95":1015886,"p99":1015886}}
{"time":"2025-08-23T17:49:18.7678727-07:00","metricName":"logging.sls.length","metricType":"histogram","type":"metric.1","tags":{"type":"metrics"},"values":{"count":143,"max":245,"p95":245,"p99":245}}
{"time":"2025-08-23T17:49:18.768702154-07:00","metricName":"logging.sls.length","metricType":"histogram","type":"metric.1","tags":{"type":"request"},"values":{"count":2,"max":1069,"p95":1069,"p99":1069}}
{"type":"metric.1","time":"2025-08-23T17:49:18.769555905-07:00","metricName":"logging.sls.length","metricType":"histogram","tags":{"type":"service"},"values":{"count":2,"max":258,"p95":258,"p99":258}}
{"metricName":"logging.sls","metricType":"meter","type":"metric.1","time":"2025-08-23T17:49:18.770264798-07:00","tags":{"level":"debug","type":"service.1"},"values":{"count":1}}
{"type":"metric.1","time":"2025-08-23T17:49:18.77141886-07:00","metricName":"logging.sls","metricType":"meter","tags":{"level":"info","type":"service.1"},"values":{"count":2}}
{"time":"2025-08-23T17:49:18.772057996-07:00","metricName":"logging.sls","metricType":"meter","type":"metric.1","tags":{"type":"metric.1"},"values":{"count":148}}
{"metricName":"logging.sls","metricType":"meter","type":"metric.1","time":"2025-08-23T17:49:18.773078483-07:00","tags":{"type":"request.2"},"values":{"count":2}}
{"metricType":"counter","type":"metric.1","time":"2025-08-23T17:49:18.773698585-07:00","metricName":"server.conn_state_change","tags":{"state":"active"},"values":{"count":3}}
{"type":"metric.1","time":"2025-08-23T17:49:18.774918307-07:00","metricName":"server.conn_state_change","metricType":"counter","tags":{"state":"closed"},"values":{"count":3}}
{"type":"metric.1","time":"2025-08-23T17:49:18.775679604-07:00","metricName":"server.conn_state_change","metricType":"counter","tags":{"state":"idle"},"values":{"count":3}}
{"type":"metric.1","time":"2025-08-23T17:49:18.776171715-07:00","metricName":"server.conn_state_change","metricType":"counter","tags":{"state":"new"},"values":{"count":4}}
{"type":"metric.1","time":"2025-08-23T17:49:18.77693318-07:00","metricName":"server.metric_cardinality","metricType":"gauge","tags":{},"values":{"value":54}}
{"metricType":"histogram","type":"metric.1","time":"2025-08-23T17:49:18.777666318-07:00","metricName":"server.request.size","tags":{"endpoint":"get","method":"get","service-name":"mynumberservice"},"values":{"count":2,"max":0,"p95":0,"p99":0}}
{"metricName":"server.response.size","metricType":"histogram","type":"metric.1","time":"2025-08-23T17:49:18.778231017-07:00","tags":{"endpoint":"get","method":"get","service-name":"mynumberservice"},"values":{"count":2,"max":6,"p95":6,"p99":6}}
{"metricType":"timer","type":"metric.1","time":"2025-08-23T17:49:18.77890297-07:00","metricName":"server.response","tags":{"endpoint":"get","method":"get","service-name":"mynumberservice"},"values":{"count":2,"max":3301,"p95":3301,"p99":3301}}
{"type":"metric.1","time":"2025-08-23T17:49:18.779534956-07:00","metricName":"server.uptime","metricType":"gauge","tags":{"go_arch":"amd64","go_os":"linux","go_version":"go1.25.0"},"values":{"value":150020073}}
{"type":"metric.1","time":"2025-08-23T17:49:48.754828134-07:00","metricName":"go.runtime.MemStats.Alloc","metricType":"gauge","tags":{},"values":{"value":2550176}}
{"type":"metric.1","time":"2025-08-23T17:49:48.75655023-07:00","metricName":"go.runtime.MemStats.GCCPUFraction","metricType":"gauge","tags":{},"values":{"value":0}}
{"type":"metric.1","time":"2025-08-23T17:49:48.759039493-07:00","metricName":"go.runtime.MemStats.HeapAlloc","metricType":"gauge","tags":{},"values":{"value":2550176}}
{"metricType":"gauge","type":"metric.1","time":"2025-08-23T17:49:48.759567776-07:00","metricName":"go.runtime.MemStats.HeapIdle","tags":{},"values":{"value":4120576}}
{"type":"metric.1","time":"2025-08-23T17:49:48.760285579-07:00","metricName":"go.runtime.MemStats.HeapInuse","metricType":"gauge","tags":{},"values":{"value":3579904}}
{"time":"2025-08-23T17:49:48.760848069-07:00","metricName":"go.runtime.MemStats.HeapObjects","metricType":"gauge","type":"metric.1","tags":{},"values":{"value":17403}}
{"type":"metric.1","time":"2025-08-23T17:49:48.76140327-07:00","metricName":"go.runtime.MemStats.HeapReleased","metricType":"gauge","tags":{},"values":{"value":4120576}}
{"type":"metric.1","time":"2025-08-23T17:49:48.761916808-07:00","metricName":"go.runtime.MemStats.HeapSys","metricType":"gauge","tags":{},"values":{"value":7700480}}
{"metricType":"gauge","type":"metric.1","time":"2025-08-23T17:49:48.762521309-07:00","metricName":"go.runtime.MemStats.NumGC","tags":{},"values":{"value":0}}
{"type":"metric.1","time":"2025-08-23T17:49:48.763251817-07:00","metricName":"go.runtime.MemStats.PauseNs","metricType":"histogram","tags":{},"values":{"count":0,"max":0,"p95":0,"p99":0}}
{"time":"2025-08-23T17:49:48.764060208-07:00","metricName":"go.runtime.MemStats.StackInuse","metricType":"gauge","type":"metric.1","tags":{},"values":{"value":688128}}
{"type":"metric.1","time":"2025-08-23T17:49:48.764677397-07:00","metricName":"go.runtime.NumGoroutine","metricType":"gauge","tags":{},"values":{"value":13}}
{"metricName":"go.runtime.NumThread","metricType":"gauge","type":"metric.1","time":"2025-08-23T17:49:48.765570003-07:00","tags":{},"values":{"value":9}}
{"metricType":"timer","type":"metric.1","time":"2025-08-23T17:49:48.766348702-07:00","metricName":"go.runtime.ReadMemStats","tags":{},"values":{"count":6,"max":1015886,"p95":1015886,"p99":1015886}}
{"time":"2025-08-23T17:49:48.767182599-07:00","metricName":"logging.sls.length","metricType":"histogram","type":"metric.1","tags":{"type":"metrics"},"values":{"count":173,"max":245,"p95":245,"p99":245}}
{"type":"metric.1","time":"2025-08-23T17:49:48.768104361-07:00","metricName":"logging.sls.length","metricType":"histogram","tags":{"type":"request"},"values":{"count":2,"max":1069,"p95":1069,"p99":1069}}
{"metricName":"logging.sls.length","metricType":"histogram","type":"metric.1","time":"2025-08-23T17:49:48.768938034-07:00","tags":{"type":"service"},"values":{"count":2,"max":258,"p95":258,"p99":258}}
{"type":"metric.1","time":"2025-08-23T17:49:48.769655208-07:00","metricName":"logging.sls","metricType":"meter","tags":{"level":"debug","type":"service.1"},"values":{"count":1}}
{"metricName":"logging.sls","metricType":"meter","type":"metric.1","time":"2025-08-23T17:49:48.770527941-07:00","tags":{"level":"info","type":"service.1"},"values":{"count":2}}
{"type":"metric.1","time":"2025-08-23T17:49:48.771328524-07:00","metricName":"logging.sls","metricType":"meter","tags":{"type":"metric.1"},"values":{"count":178}}
{"type":"metric.1","time":"2025-08-23T17:49:48.771999566-07:00","metricName":"logging.sls","metricType":"meter","tags":{"type":"request.2"},"values":{"count":2}}
{"type":"metric.1","time":"2025-08-23T17:49:48.774208495-07:00","metricName":"server.conn_state_change","metricType":"counter","tags":{"state":"active"},"values":{"count":3}}
{"type":"metric.1","time":"2025-08-23T17:49:48.77539019-07:00","metricName":"server.conn_state_change","metricType":"counter","tags":{"state":"closed"},"values":{"count":3}}
{"time":"2025-08-23T17:49:48.776027271-07:00","metricName":"server.conn_state_change","metricType":"counter","type":"metric.1","tags":{"state":"idle"},"values":{"count":3}}
{"type":"metric.1","time":"2025-08-23T17:49:48.776674442-07:00","metricName":"server.conn_state_change","metricType":"counter","tags":{"state":"new"},"values":{"count":4}}
{"type":"metric.1","time":"2025-08-23T17:49:48.777180558-07:00","metricName":"server.metric_cardinality","metricType":"gauge","tags":{},"values":{"value":54}}
{"time":"2025-08-23T17:49:48.778023581-07:00","metricName":"server.request.size","metricType":"histogram","type":"metric.1","tags":{"endpoint":"get","method":"get","service-name":"mynumberservice"},"values":{"count":2,"max":0,"p95":0,"p99":0}}
{"type":"metric.1","time":"2025-08-23T17:49:48.778862119-07:00","metricName":"server.response.size","metricType":"histogram","tags":{"endpoint":"get","method":"get","service-name":"mynumberservice"},"values":{"count":2,"max":6,"p95":6,"p99":6}}
{"type":"metric.1","time":"2025-08-23T17:49:48.779601068-07:00","metricName":"server.response","metricType":"timer","tags":{"endpoint":"get","method":"get","service-name":"mynumberservice"},"values":{"count":2,"max":3301,"p95":3301,"p99":3301}}
{"metricType":"gauge","type":"metric.1","time":"2025-08-23T17:49:48.78013657-07:00","metricName":"server.uptime","tags":{"go_arch":"amd64","go_os":"linux","go_version":"go1.25.0"},"values":{"value":180021203}}
{"time":"2025-08-23T17:50:18.754686923-07:00","metricName":"go.runtime.MemStats.Alloc","metricType":"gauge","type":"metric.1","tags":{},"values":{"value":2703184}}
{"type":"metric.1","time":"2025-08-23T17:50:18.7556876-07:00","metricName":"go.runtime.MemStats.GCCPUFraction","metricType":"gauge","tags":{},"values":{"value":0}}
{"type":"metric.1","time":"2025-08-23T17:50:18.756305174-07:00","metricName":"go.runtime.MemStats.HeapAlloc","metricType":"gauge","tags":{},"values":{"value":2703184}}
{"type":"metric.1","time":"2025-08-23T17:50:18.757700568-07:00","metricName":"go.runtime.MemStats.HeapIdle","metricType":"gauge","tags":{},"values":{"value":3932160}}
{"type":"metric.1","time":"2025-08-23T17:50:18.759048813-07:00","metricName":"go.runtime.MemStats.HeapInuse","metricType":"gauge","tags":{},"values":{"value":3768320}}
{"metricType":"gauge","type":"metric.1","time":"2025-08-23T17:50:18.759658441-07:00","metricName":"go.runtime.MemStats.HeapObjects","tags":{},"values":{"value":19175}}
{"type":"metric.1","time":"2025-08-23T17:50:18.760217226-07:00","metricName":"go.runtime.MemStats.HeapReleased","metricType":"gauge","tags":{},"values":{"value":3932160}}
{"type":"metric.1","time":"2025-08-23T17:50:18.760820842-07:00","metricName":"go.runtime.MemStats.HeapSys","metricType":"gauge","tags":{},"values":{"value":7700480}}
{"time":"2025-08-23T17:50:18.761266952-07:00","metricName":"go.runtime.MemStats.NumGC","metricType":"gauge","type":"metric.1","tags":{},"values":{"value":0}}
{"type":"metric.1","time":"2025-08-23T17:50:18.761917175-07:00","metricName":"go.runtime.MemStats.PauseNs","metricType":"histogram","tags":{},"values":{"count":0,"max":0,"p95":0,"p99":0}}
{"type":"metric.1","time":"2025-08-23T17:50:18.762496151-07:00","metricName":"go.runtime.MemStats.StackInuse","metricType":"gauge","tags":{},"values":{"value":688128}}
{"type":"metric.1","time":"2025-08-23T17:50:18.763172989-07:00","metricName":"go.runtime.NumGoroutine","metricType":"gauge","tags":{},"values":{"value":13}}
{"type":"metric.1","time":"2025-08-23T17:50:18.764249517-07:00","metricName":"go.runtime.NumThread","metricType":"gauge","tags":{},"values":{"value":9}}
{"type":"metric.1","time":"2025-08-23T17:50:18.764878676-07:00","metricName":"go.runtime.ReadMemStats","metricType":"timer","tags":{},"values":{"count":7,"max":1015886,"p95":1015886,"p99":1015886}}
{"type":"metric.1","time":"2025-08-23T17:50:18.765643731-07:00","metricName":"logging.sls.length","metricType":"histogram","tags":{"type":"metrics"},"values":{"count":203,"max":245,"p95":245,"p99":245}}
{"metricType":"histogram","type":"metric.1","time":"2025-08-23T17:50:18.766309417-07:00","metricName":"logging.sls.length","tags":{"type":"request"},"values":{"count":2,"max":1069,"p95":1069,"p99":1069}}
{"metricType":"histogram","type":"metric.1","time":"2025-08-23T17:50:18.7668995-07:00","metricName":"logging.sls.length","tags":{"type":"service"},"values":{"count":2,"max":258,"p95":258,"p99":258}}
{"time":"2025-08-23T17:50:18.767613186-07:00","metricName":"logging.sls","metricType":"meter","type":"metric.1","tags":{"level":"debug","type":"service.1"},"values":{"count":1}}
{"type":"metric.1","time":"2025-08-23T17:50:18.768412568-07:00","metricName":"logging.sls","metricType":"meter","tags":{"level":"info","type":"service.1"},"values":{"count":2}}
{"type":"metric.1","time":"2025-08-23T17:50:18.769216592-07:00","metricName":"logging.sls","metricType":"meter","tags":{"type":"metric.1"},"values":{"count":208}}
{"type":"metric.1","time":"2025-08-23T17:50:18.769955399-07:00","metricName":"logging.sls","metricType":"meter","tags":{"type":"request.2"},"values":{"count":2}}
{"type":"metric.1","time":"2025-08-23T17:50:18.770763505-07:00","metricName":"server.conn_state_change","metricType":"counter","tags":{"state":"active"},"values":{"count":3}}
{"type":"metric.1","time":"2025-08-23T17:50:18.771439945-07:00","metricName":"server.conn_state_change","metricType":"counter","tags":{"state":"closed"},"values":{"count":3}}
{"metricType":"counter","type":"metric.1","time":"2025-08-23T17:50:18.772097321-07:00","metricName":"server.conn_state_change","tags":{"state":"idle"},"values":{"count":3}}
{"type":"metric.1","time":"2025-08-23T17:50:18.772653675-07:00","metricName":"server.conn_state_change","metricType":"counter","tags":{"state":"new"},"values":{"count":4}}
{"type":"metric.1","time":"2025-08-23T17:50:18.773283927-07:00","metricName":"server.metric_cardinality","metricType":"gauge","tags":{},"values":{"value":54}}
{"metricType":"histogram","type":"metric.1","time":"2025-08-23T17:50:18.775711661-07:00","metricName":"server.request.size","tags":{"endpoint":"get","method":"get","service-name":"mynumberservice"},"values":{"count":2,"max":0,"p95":0,"p99":0}}
{"type":"metric.1","time":"2025-08-23T17:50:18.776550687-07:00","metricName":"server.response.size","metricType":"histogram","tags":{"endpoint":"get","method":"get","service-name":"mynumberservice"},"values":{"count":2,"max":6,"p95":6,"p99":6}}
{"type":"metric.1","time":"2025-08-23T17:50:18.777183505-07:00","metricName":"server.response","metricType":"timer","tags":{"endpoint":"get","method":"get","service-name":"mynumberservice"},"values":{"count":2,"max":3301,"p95":3301,"p99":3301}}
{"type":"metric.1","time":"2025-08-23T17:50:18.777802509-07:00","metricName":"server.uptime","metricType":"gauge","tags":{"go_arch":"amd64","go_os":"linux","go_version":"go1.25.0"},"values":{"value":210021047}}
{"metricType":"gauge","type":"metric.1","time":"2025-08-23T17:50:48.75398975-07:00","metricName":"go.runtime.MemStats.Alloc","tags":{},"values":{"value":2857200}}
{"type":"metric.1","time":"2025-08-23T17:50:48.755078997-07:00","metricName":"go.runtime.MemStats.GCCPUFraction","metricType":"gauge","tags":{},"values":{"value":0}}
{"type":"metric.1","time":"2025-08-23T17:50:48.756082275-07:00","metricName":"go.runtime.MemStats.HeapAlloc","metricType":"gauge","tags":{},"values":{"value":2857200}}
{"type":"metric.1","time":"2025-08-23T17:50:48.756781522-07:00","metricName":"go.runtime.MemStats.HeapIdle","metricType":"gauge","tags":{},"values":{"value":3784704}}
{"type":"metric.1","time":"2025-08-23T17:50:48.758086488-07:00","metricName":"go.runtime.MemStats.HeapInuse","metricType":"gauge","tags":{},"values":{"value":3915776}}
{"type":"metric.1","time":"2025-08-23T17:50:48.758670935-07:00","metricName":"go.runtime.MemStats.HeapObjects","metricType":"gauge","tags":{},"values":{"value":20945}}
{"type":"metric.1","time":"2025-08-23T17:50:48.75972217-07:00","metricName":"go.runtime.MemStats.HeapReleased","metricType":"gauge","tags":{},"values":{"value":3784704}}
{"time":"2025-08-23T17:50:48.760191692-07:00","metricName":"go.runtime.MemStats.HeapSys","metricType":"gauge","type":"metric.1","tags":{},"values":{"value":7700480}}
{"type":"metric.1","time":"2025-08-23T17:50:48.76063774-07:00","metricName":"go.runtime.MemStats.NumGC","metricType":"gauge","tags":{},"values":{"value":0}}
{"type":"metric.1","time":"2025-08-23T17:50:48.761349238-07:00","metricName":"go.runtime.MemStats.PauseNs","metricType":"histogram","tags":{},"values":{"count":0,"max":0,"p95":0,"p99":0}}
{"type":"metric.1","time":"2025-08-23T17:50:48.762188814-07:00","metricName":"go.runtime.MemStats.StackInuse","metricType":"gauge","tags":{},"values":{"value":688128}}
{"type":"metric.1","time":"2025-08-23T17:50:48.762969393-07:00","metricName":"go.runtime.NumGoroutine","metricType":"gauge","tags":{},"values":{"value":13}}
{"type":"metric.1","time":"2025-08-23T17:50:48.763862558-07:00","metricName":"go.runtime.NumThread","metricType":"gauge","tags":{},"values":{"value":9}}
{"metricType":"timer","type":"metric.1","time":"2025-08-23T17:50:48.764720237-07:00","metricName":"go.runtime.ReadMemStats","tags":{},"values":{"count":8,"max":1015886,"p95":1015886,"p99":1015886}}
{"metricName":"logging.sls.length","metricType":"histogram","type":"metric.1","time":"2025-08-23T17:50:48.765709378-07:00","tags":{"type":"metrics"},"values":{"count":233,"max":245,"p95":245,"p99":245}}
{"type":"metric.1","time":"2025-08-23T17:50:48.766685835-07:00","metricName":"logging.sls.length","metricType":"histogram","tags":{"type":"request"},"values":{"count":2,"max":1069,"p95":1069,"p99":1069}}
{"type":"metric.1","time":"2025-08-23T17:50:48.76748571-07:00","metricName":"logging.sls.length","metricType":"histogram","tags":{"type":"service"},"values":{"count":2,"max":258,"p95":258,"p99":258}}
{"type":"metric.1","time":"2025-08-23T17:50:48.768307432-07:00","metricName":"logging.sls","metricType":"meter","tags":{"level":"debug","type":"service.1"},"values":{"count":1}}
{"type":"metric.1","time":"2025-08-23T17:50:48.769135842-07:00","metricName":"logging.sls","metricType":"meter","tags":{"level":"info","type":"service.1"},"values":{"count":2}}
{"time":"2025-08-23T17:50:48.769994842-07:00","metricName":"logging.sls","metricType":"meter","type":"metric.1","tags":{"type":"metric.1"},"values":{"count":238}}
{"type":"metric.1","time":"2025-08-23T17:50:48.770813273-07:00","metricName":"logging.sls","metricType":"meter","tags":{"type":"request.2"},"values":{"count":2}}
{"type":"metric.1","time":"2025-08-23T17:50:48.771600223-07:00","metricName":"server.conn_state_change","metricType":"counter","tags":{"state":"active"},"values":{"count":3}}
{"type":"metric.1","time":"2025-08-23T17:50:48.772929375-07:00","metricName":"server.conn_state_change","metricType":"counter","tags":{"state":"closed"},"values":{"count":3}}
{"time":"2025-08-23T17:50:48.775135308-07:00","metricName":"server.conn_state_change","metricType":"counter","type":"metric.1","tags":{"state":"idle"},"values":{"count":3}}
{"type":"metric.1","time":"2025-08-23T17:50:48.776428025-07:00","metricName":"server.conn_state_change","metricType":"counter","tags":{"state":"new"},"values":{"count":4}}
{"time":"2025-08-23T17:50:48.777071295-07:00","metricName":"server.metric_cardinality","metricType":"gauge","type":"metric.1","tags":{},"values":{"value":54}}
{"type":"metric.1","time":"2025-08-23T17:50:48.777606148-07:00","metricName":"server.request.size","metricType":"histogram","tags":{"endpoint":"get","method":"get","service-name":"mynumberservice"},"values":{"count":2,"max":0,"p95":0,"p99":0}}
{"time":"2025-08-23T17:50:48.778243334-07:00","metricName":"server.response.size","metricType":"histogram","type":"metric.1","tags":{"endpoint":"get","method":"get","service-name":"mynumberservice"},"values":{"count":2,"max":6,"p95":6,"p99":6}}
{"type":"metric.1","time":"2025-08-23T17:50:48.778796998-07:00","metricName":"server.response","metricType":"timer","tags":{"endpoint":"get","method":"get","service-name":"mynumberservice"},"values":{"count":2,"max":3301,"p95":3301,"p99":3301}}
{"metricName":"server.uptime","metricType":"gauge","type":"metric.1","time":"2025-08-23T17:50:48.779536378-07:00","tags":{"go_arch":"amd64","go_os":"linux","go_version":"go1.25.0"},"values":{"value":240020402}}
{"type":"metric.1","time":"2025-08-23T17:51:18.75456034-07:00","metricName":"go.runtime.MemStats.Alloc","metricType":"gauge","tags":{},"values":{"value":3011984}}
{"time":"2025-08-23T17:51:18.756369496-07:00","metricName":"go.runtime.MemStats.GCCPUFraction","metricType":"gauge","type":"metric.1","tags":{},"values":{"value":0}}
{"time":"2025-08-23T17:51:18.757209039-07:00","metricName":"go.runtime.MemStats.HeapAlloc","metricType":"gauge","type":"metric.1","tags":{},"values":{"value":3011984}}
{"time":"2025-08-23T17:51:18.75947428-07:00","metricName":"go.runtime.MemStats.HeapIdle","metricType":"gauge","type":"metric.1","tags":{},"values":{"value":3653632}}
{"type":"metric.1","time":"2025-08-23T17:51:18.760472098-07:00","metricName":"go.runtime.MemStats.HeapInuse","metricType":"gauge","tags":{},"values":{"value":4046848}}
{"type":"metric.1","time":"2025-08-23T17:51:18.760978215-07:00","metricName":"go.runtime.MemStats.HeapObjects","metricType":"gauge","tags":{},"values":{"value":22715}}
{"type":"metric.1","time":"2025-08-23T17:51:18.761492433-07:00","metricName":"go.runtime.MemStats.HeapReleased","metricType":"gauge","tags":{},"values":{"value":3653632}}
{"type":"metric.1","time":"2025-08-23T17:51:18.762050091-07:00","metricName":"go.runtime.MemStats.HeapSys","metricType":"gauge","tags":{},"values":{"value":7700480}}
{"type":"metric.1","time":"2025-08-23T17:51:18.762736996-07:00","metricName":"go.runtime.MemStats.NumGC","metricType":"gauge","tags":{},"values":{"value":0}}
{"metricType":"histogram","type":"metric.1","time":"2025-08-23T17:51:18.76374553-07:00","metricName":"go.runtime.MemStats.PauseNs","tags":{},"values":{"count":0,"max":0,"p95":0,"p99":0}}
{"type":"metric.1","time":"2025-08-23T17:51:18.764490403-07:00","metricName":"go.runtime.MemStats.StackInuse","metricType":"gauge","tags":{},"values":{"value":688128}}
{"type":"metric.1","time":"2025-08-23T17:51:18.765304008-07:00","metricName":"go.runtime.NumGoroutine","metricType":"gauge","tags":{},"values":{"value":13}}
{"metricName":"go.runtime.NumThread","metricType":"gauge","type":"metric.1","time":"2025-08-23T17:51:18.76599405-07:00","tags":{},"values":{"value":9}}
{"metricType":"timer","type":"metric.1","time":"2025-08-23T17:51:18.766898292-07:00","metricName":"go.runtime.ReadMemStats","tags":{},"values":{"count":9,"max":1015886,"p95":1015886,"p99":1015886}}
{"metricName":"logging.sls.length","metricType":"histogram","type":"metric.1","time":"2025-08-23T17:51:18.767777933-07:00","tags":{"type":"metrics"},"values":{"count":263,"max":245,"p95":245,"p99":245}}
{"metricName":"logging.sls.length","metricType":"histogram","type":"metric.1","time":"2025-08-23T17:51:18.768601462-07:00","tags":{"type":"request"},"values":{"count":2,"max":1069,"p95":1069,"p99":1069}}
{"type":"metric.1","time":"2025-08-23T17:51:18.769553397-07:00","metricName":"logging.sls.length","metricType":"histogram","tags":{"type":"service"},"values":{"count":2,"max":258,"p95":258,"p99":258}}
{"type":"metric.1","time":"2025-08-23T17:51:18.770280478-07:00","metricName":"logging.sls","metricType":"meter","tags":{"level":"debug","type":"service.1"},"values":{"count":1}}
{"type":"metric.1","time":"2025-08-23T17:51:18.770992541-07:00","metricName":"logging.sls","metricType":"meter","tags":{"level":"info","type":"service.1"},"values":{"count":2}}
{"type":"metric.1","time":"2025-08-23T17:51:18.771607553-07:00","metricName":"logging.sls","metricType":"meter","tags":{"type":"metric.1"},"values":{"count":268}}
{"type":"metric.1","time":"2025-08-23T17:51:18.772309921-07:00","metricName":"logging.sls","metricType":"meter","tags":{"type":"request.2"},"values":{"count":2}}
{"metricName":"server.conn_state_change","metricType":"counter","type":"metric.1","time":"2025-08-23T17:51:18.77299991-07:00","tags":{"state":"active"},"values":{"count":3}}
{"type":"metric.1","time":"2025-08-23T17:51:18.773485847-07:00","metricName":"server.conn_state_change","metricType":"counter","tags":{"state":"closed"},"values":{"count":3}}
{"type":"metric.1","time":"2025-08-23T17:51:18.773964446-07:00","metricName":"server.conn_state_change","metricType":"counter","tags":{"state":"idle"},"values":{"count":3}}
{"type":"metric.1","time":"2025-08-23T17:51:18.775065375-07:00","metricName":"server.conn_state_change","metricType":"counter","tags":{"state":"new"},"values":{"count":4}}
{"type":"metric.1","time":"2025-08-23T17:51:18.776121655-07:00","metricName":"server.metric_cardinality","metricType":"gauge","tags":{},"values":{"value":54}}
{"type":"metric.1","time":"2025-08-23T17:51:18.776732785-07:00","metricName":"server.request.size","metricType":"histogram","tags":{"endpoint":"get","method":"get","service-name":"mynumberservice"},"values":{"count":2,"max":0,"p95":0,"p99":0}}
{"time":"2025-08-23T17:51:18.77772083-07:00","metricName":"server.response.size","metricType":"histogram","type":"metric.1","tags":{"endpoint":"get","method":"get","service-name":"mynumberservice"},"values":{"count":2,"max":6,"p95":6,"p99":6}}
{"type":"metric.1","time":"2025-08-23T17:51:18.77839296-07:00","metricName":"server.response","metricType":"timer","tags":{"endpoint":"get","method":"get","service-name":"mynumberservice"},"values":{"count":2,"max":3301,"p95":3301,"p99":3301}}
{"type":"metric.1","time":"2025-08-23T17:51:18.778924206-07:00","metricName":"server.uptime","metricType":"gauge","tags":{"go_arch":"amd64","go_os":"linux","go_version":"go1.25.0"},"values":{"value":270020919}}
{"time":"2025-08-23T17:51:48.7550149-07:00","metricName":"go.runtime.MemStats.Alloc","metricType":"gauge","type":"metric.1","tags":{},"values":{"value":3168160}}
{"type":"metric.1","time":"2025-08-23T17:51:48.755939391-07:00","metricName":"go.runtime.MemStats.GCCPUFraction","metricType":"gauge","tags":{},"values":{"value":0}}
{"type":"metric.1","time":"2025-08-23T17:51:48.756561747-07:00","metricName":"go.runtime.MemStats.HeapAlloc","metricType":"gauge","tags":{},"values":{"value":3168160}}
{"type":"metric.1","time":"2025-08-23T17:51:48.757145994-07:00","metricName":"go.runtime.MemStats.HeapIdle","metricType":"gauge","tags":{},"values":{"value":3416064}}
{"type":"metric.1","time":"2025-08-23T17:51:48.757818039-07:00","metricName":"go.runtime.MemStats.HeapInuse","metricType":"gauge","tags":{},"values":{"value":4284416}}
{"time":"2025-08-23T17:51:48.75852933-07:00","metricName":"go.runtime.MemStats.HeapObjects","metricType":"gauge","type":"metric.1","tags":{},"values":{"value":24493}}
{"type":"metric.1","time":"2025-08-23T17:51:48.759184564-07:00","metricName":"go.runtime.MemStats.HeapReleased","metricType":"gauge","tags":{},"values":{"value":3416064}}
{"type":"metric.1","time":"2025-08-23T17:51:48.759758017-07:00","metricName":"go.runtime.MemStats.HeapSys","metricType":"gauge","tags":{},"values":{"value":7700480}}
{"metricType":"gauge","type":"metric.1","time":"2025-08-23T17:51:48.760480982-07:00","metricName":"go.runtime.MemStats.NumGC","tags":{},"values":{"value":0}}
{"metricType":"histogram","type":"metric.1","time":"2025-08-23T17:51:48.761330523-07:00","metricName":"go.runtime.MemStats.PauseNs","tags":{},"values":{"count":0,"max":0,"p95":0,"p99":0}}
{"time":"2025-08-23T17:51:48.76213575-07:00","metricName":"go.runtime.MemStats.StackInuse","metricType":"gauge","type":"metric.1","tags":{},"values":{"value":688128}}
{"type":"metric.1","time":"2025-08-23T17:51:48.762736711-07:00","metricName":"go.runtime.NumGoroutine","metricType":"gauge","tags":{},"values":{"value":13}}
{"metricName":"go.runtime.NumThread","metricType":"gauge","type":"metric.1","time":"2025-08-23T17:51:48.763583648-07:00","tags":{},"values":{"value":9}}
{"time":"2025-08-23T17:51:48.764367667-07:00","metricName":"go.runtime.ReadMemStats","metricType":"timer","type":"metric.1","tags":{},"values":{"count":10,"max":1015886,"p95":1015886,"p99":1015886}}
{"time":"2025-08-23T17:51:48.765239638-07:00","metricName":"logging.sls.length","metricType":"histogram","type":"metric.1","tags":{"type":"metrics"},"values":{"count":293,"max":245,"p95":245,"p99":245}}
{"type":"metric.1","time":"2025-08-23T17:51:48.766158604-07:00","metricName":"logging.sls.length","metricType":"histogram","tags":{"type":"request"},"values":{"count":2,"max":1069,"p95":1069,"p99":1069}}
{"type":"metric.1","time":"2025-08-23T17:51:48.766888179-07:00","metricName":"logging.sls.length","metricType":"histogram","tags":{"type":"service"},"values":{"count":2,"max":258,"p95":258,"p99":258}}
{"type":"metric.1","time":"2025-08-23T17:51:48.76780851-07:00","metricName":"logging.sls","metricType":"meter","tags":{"level":"debug","type":"service.1"},"values":{"count":1}}
{"metricName":"logging.sls","metricType":"meter","type":"metric.1","time":"2025-08-23T17:51:48.768544167-07:00","tags":{"level":"info","type":"service.1"},"values":{"count":2}}
{"metricType":"meter","type":"metric.1","time":"2025-08-23T17:51:48.769340869-07:00","metricName":"logging.sls","tags":{"type":"metric.1"},"values":{"count":298}}
{"type":"metric.1","time":"2025-08-23T17:51:48.770176864-07:00","metricName":"logging.sls","metricType":"meter","tags":{"type":"request.2"},"values":{"count":2}}
{"metricName":"server.conn_state_change","metricType":"counter","type":"metric.1","time":"2025-08-23T17:51:48.771092741-07:00","tags":{"state":"active"},"values":{"count":3}}
{"type":"metric.1","time":"2025-08-23T17:51:48.771747277-07:00","metricName":"server.conn_state_change","metricType":"counter","tags":{"state":"closed"},"values":{"count":3}}
{"type":"metric.1","time":"2025-08-23T17:51:48.772530872-07:00","metricName":"server.conn_state_change","metricType":"counter","tags":{"state":"idle"},"values":{"count":3}}
{"type":"metric.1","time":"2025-08-23T17:51:48.773439123-07:00","metricName":"server.conn_state_change","metricType":"counter","tags":{"state":"new"},"values":{"count":4}}
{"type":"metric.1","time":"2025-08-23T17:51:48.77407399-07:00","metricName":"server.metric_cardinality","metricType":"gauge","tags":{},"values":{"value":54}}
{"time":"2025-08-23T17:51:48.774964101-07:00","metricName":"server.request.size","metricType":"histogram","type":"metric.1","tags":{"endpoint":"get","method":"get","service-name":"mynumberservice"},"values":{"count":2,"max":0,"p95":0,"p99":0}}
{"type":"metric.1","time":"2025-08-23T17:51:48.775652658-07:00","metricName":"server.response.size","metricType":"histogram","tags":{"endpoint":"get","method":"get","service-name":"mynumberservice"},"values":{"count":2,"max":6,"p95":6,"p99":6}}
{"time":"2025-08-23T17:51:48.776400502-07:00","metricName":"server.response","metricType":"timer","type":"metric.1","tags":{"endpoint":"get","method":"get","service-name":"mynumberservice"},"values":{"count":2,"max":3301,"p95":3301,"p99":3301}}
{"type":"metric.1","time":"2025-08-23T17:51:48.777150007-07:00","metricName":"server.uptime","metricType":"gauge","tags":{"go_arch":"amd64","go_os":"linux","go_version":"go1.25.0"},"values":{"value":300021133}}
{"type":"metric.1","time":"2025-08-23T17:52:18.754798837-07:00","metricName":"go.runtime.MemStats.Alloc","metricType":"gauge","tags":{},"values":{"value":3325104}}
{"metricName":"go.runtime.MemStats.GCCPUFraction","metricType":"gauge","type":"metric.1","time":"2025-08-23T17:52:18.755967642-07:00","tags":{},"values":{"value":0}}
{"metricName":"go.runtime.MemStats.HeapAlloc","metricType":"gauge","type":"metric.1","time":"2025-08-23T17:52:18.756682432-07:00","tags":{},"values":{"value":3325104}}
{"metricName":"go.runtime.MemStats.HeapIdle","metricType":"gauge","type":"metric.1","time":"2025-08-23T17:52:18.757477247-07:00","tags":{},"values":{"value":3325952}}
{"type":"metric.1","time":"2025-08-23T17:52:18.758260618-07:00","metricName":"go.runtime.MemStats.HeapInuse","metricType":"gauge","tags":{},"values":{"value":4374528}}
{"type":"metric.1","time":"2025-08-23T17:52:18.758918825-07:00","metricName":"go.runtime.MemStats.HeapObjects","metricType":"gauge","tags":{},"values":{"value":26267}}
{"type":"metric.1","time":"2025-08-23T17:52:18.759501898-07:00","metricName":"go.runtime.MemStats.HeapReleased","metricType":"gauge","tags":{},"values":{"value":3325952}}
{"type":"metric.1","time":"2025-08-23T17:52:18.760080072-07:00","metricName":"go.runtime.MemStats.HeapSys","metricType":"gauge","tags":{},"values":{"value":7700480}}
{"metricName":"go.runtime.MemStats.NumGC","metricType":"gauge","type":"metric.1","time":"2025-08-23T17:52:18.761245174-07:00","tags":{},"values":{"value":0}}
{"type":"metric.1","time":"2025-08-23T17:52:18.764754377-07:00","metricName":"go.runtime.MemStats.PauseNs","metricType":"histogram","tags":{},"values":{"count":0,"max":0,"p95":0,"p99":0}}
{"type":"metric.1","time":"2025-08-23T17:52:18.765356307-07:00","metricName":"go.runtime.MemStats.StackInuse","metricType":"gauge","tags":{},"values":{"value":688128}}
{"metricType":"gauge","type":"metric.1","time":"2025-08-23T17:52:18.766176205-07:00","metricName":"go.runtime.NumGoroutine","tags":{},"values":{"value":13}}
{"time":"2025-08-23T17:52:18.766980572-07:00","metricName":"go.runtime.NumThread","metricType":"gauge","type":"metric.1","tags":{},"values":{"value":9}}
{"time":"2025-08-23T17:52:18.767721863-07:00","metricName":"go.runtime.ReadMemStats","metricType":"timer","type":"metric.1","tags":{},"values":{"count":11,"max":1015886,"p95":1015886,"p99":1015886}}
{"type":"metric.1","time":"2025-08-23T17:52:18.768737548-07:00","metricName":"logging.sls.length","metricType":"histogram","tags":{"type":"metrics"},"values":{"count":323,"max":245,"p95":245,"p99":245}}
{"type":"metric.1","time":"2025-08-23T17:52:18.769514236-07:00","metricName":"logging.sls.length","metricType":"histogram","tags":{"type":"request"},"values":{"count":2,"max":1069,"p95":1069,"p99":1069}}
{"type":"metric.1","time":"2025-08-23T17:52:18.77031196-07:00","metricName":"logging.sls.length","metricType":"histogram","tags":{"type":"service"},"values":{"count":2,"max":258,"p95":258,"p99":258}}
{"time":"2025-08-23T17:52:18.771062742-07:00","metricName":"logging.sls","metricType":"meter","type":"metric.1","tags":{"level":"debug","type":"service.1"},"values":{"count":1}}
{"type":"metric.1","time":"2025-08-23T17:52:18.771787213-07:00","metricName":"logging.sls","metricType":"meter","tags":{"level":"info","type":"service.1"},"values":{"count":2}}
{"metricType":"meter","type":"metric.1","time":"2025-08-23T17:52:18.772529377-07:00","metricName":"logging.sls","tags":{"type":"metric.1"},"values":{"count":328}}
{"metricName":"logging.sls","metricType":"meter","type":"metric.1","time":"2025-08-23T17:52:18.773244838-07:00","tags":{"type":"request.2"},"values":{"count":2}}
{"type":"metric.1","time":"2025-08-23T17:52:18.773963168-07:00","metricName":"server.conn_state_change","metricType":"counter","tags":{"state":"active"},"values":{"count":3}}
{"time":"2025-08-23T17:52:18.774695646-07:00","metricName":"server.conn_state_change","metricType":"counter","type":"metric.1","tags":{"state":"closed"},"values":{"count":3}}
{"type":"metric.1","time":"2025-08-23T17:52:18.775511566-07:00","metricName":"server.conn_state_change","metricType":"counter","tags":{"state":"idle"},"values":{"count":3}}
{"metricType":"counter","type":"metric.1","time":"2025-08-23T17:52:18.776029853-07:00","metricName":"server.conn_state_change","tags":{"state":"new"},"values":{"count":4}}
{"type":"metric.1","time":"2025-08-23T17:52:18.77669747-07:00","metricName":"server.metric_cardinality","metricType":"gauge","tags":{},"values":{"value":54}}
{"time":"2025-08-23T17:52:18.777843958-07:00","metricName":"server.request.size","metricType":"histogram","type":"metric.1","tags":{"endpoint":"get","method":"get","service-name":"mynumberservice"},"values":{"count":2,"max":0,"p95":0,"p99":0}}
{"type":"metric.1","time":"2025-08-23T17:52:18.778579645-07:00","metricName":"server.response.size","metricType":"histogram","tags":{"endpoint":"get","method":"get","service-name":"mynumberservice"},"values":{"count":2,"max":6,"p95":6,"p99":6}}
{"type":"metric.1","time":"2025-08-23T17:52:18.780010115-07:00","metricName":"server.response","metricType":"timer","tags":{"endpoint":"get","method":"get","service-name":"mynumberservice"},"values":{"count":2,"max":3301,"p95":3301,"p99":3301}}
{"type":"metric.1","time":"2025-08-23T17:52:18.780844347-07:00","metricName":"server.uptime","metricType":"gauge","tags":{"go_arch":"amd64","go_os":"linux","go_version":"go1.25.0"},"values":{"value":330021242}}
{"type":"metric.1","time":"2025-08-23T17:52:48.75410651-07:00","metricName":"go.runtime.MemStats.Alloc","metricType":"gauge","tags":{},"values":{"value":3482240}}
{"metricType":"gauge","type":"metric.1","time":"2025-08-23T17:52:48.7551331-07:00","metricName":"go.runtime.MemStats.GCCPUFraction","tags":{},"values":{"value":0}}
{"metricName":"go.runtime.MemStats.HeapAlloc","metricType":"gauge","type":"metric.1","time":"2025-08-23T17:52:48.755780806-07:00","tags":{},"values":{"value":3482240}}
{"time":"2025-08-23T17:52:48.756516609-07:00","metricName":"go.runtime.MemStats.HeapIdle","metricType":"gauge","type":"metric.1","tags":{},"values":{"value":3186688}}
{"metricType":"gauge","type":"metric.1","time":"2025-08-23T17:52:48.757059384-07:00","metricName":"go.runtime.MemStats.HeapInuse","tags":{},"values":{"value":4513792}}
{"type":"metric.1","time":"2025-08-23T17:52:48.757575023-07:00","metricName":"go.runtime.MemStats.HeapObjects","metricType":"gauge","tags":{},"values":{"value":28041}}
{"metricType":"gauge","type":"metric.1","time":"2025-08-23T17:52:48.759053644-07:00","metricName":"go.runtime.MemStats.HeapReleased","tags":{},"values":{"value":3186688}}
{"type":"metric.1","time":"2025-08-23T17:52:48.759709046-07:00","metricName":"go.runtime.MemStats.HeapSys","metricType":"gauge","tags":{},"values":{"value":7700480}}
{"type":"metric.1","time":"2025-08-23T17:52:48.760639897-07:00","metricName":"go.runtime.MemStats.NumGC","metricType":"gauge","tags":{},"values":{"value":0}}
{"type":"metric.1","time":"2025-08-23T17:52:48.761237659-07:00","metricName":"go.runtime.MemStats.PauseNs","metricType":"histogram","tags":{},"values":{"count":0,"max":0,"p95":0,"p99":0}}
{"type":"metric.1","time":"2025-08-23T17:52:48.761864138-07:00","metricName":"go.runtime.MemStats.StackInuse","metricType":"gauge","tags":{},"values":{"value":688128}}
{"type":"metric.1","time":"2025-08-23T17:52:48.762500299-07:00","metricName":"go.runtime.NumGoroutine","metricType":"gauge","tags":{},"values":{"value":13}}
{"type":"metric.1","time":"2025-08-23T17:52:48.762994452-07:00","metricName":"go.runtime.NumThread","metricType":"gauge","tags":{},"values":{"value":9}}
{"type":"metric.1","time":"2025-08-23T17:52:48.763513853-07:00","metricName":"go.runtime.ReadMemStats","metricType":"timer","tags":{},"values":{"count":12,"max":1015886,"p95":1015886,"p99":1015886}}
{"time":"2025-08-23T17:52:48.764152272-07:00","metricName":"logging.sls.length","metricType":"histogram","type":"metric.1","tags":{"type":"metrics"},"values":{"count":353,"max":245,"p95":245,"p99":245}}
{"metricName":"logging.sls.length","metricType":"histogram","type":"metric.1","time":"2025-08-23T17:52:48.764640062-07:00","tags":{"type":"request"},"values":{"count":2,"max":1069,"p95":1069,"p99":1069}}
{"type":"metric.1","time":"2025-08-23T17:52:48.767050355-07:00","metricName":"logging.sls.length","metricType":"histogram","tags":{"type":"service"},"values":{"count":2,"max":258,"p95":258,"p99":258}}
{"type":"metric.1","time":"2025-08-23T17:52:48.767705409-07:00","metricName":"logging.sls","metricType":"meter","tags":{"level":"debug","type":"service.1"},"values":{"count":1}}
{"metricType":"meter","type":"metric.1","time":"2025-08-23T17:52:48.768559328-07:00","metricName":"logging.sls","tags":{"level":"info","type":"service.1"},"values":{"count":2}}
{"type":"metric.1","time":"2025-08-23T17:52:48.769338667-07:00","metricName":"logging.sls","metricType":"meter","tags":{"type":"metric.1"},"values":{"count":358}}
{"type":"metric.1","time":"2025-08-23T17:52:48.770072271-07:00","metricName":"logging.sls","metricType":"meter","tags":{"type":"request.2"},"values":{"count":2}}
{"type":"metric.1","time":"2025-08-23T17:52:48.770755117-07:00","metricName":"server.conn_state_change","metricType":"counter","tags":{"state":"active"},"values":{"count":3}}
{"type":"metric.1","time":"2025-08-23T17:52:48.771369898-07:00","metricName":"server.conn_state_change","metricType":"counter","tags":{"state":"closed"},"values":{"count":3}}
{"metricType":"counter","type":"metric.1","time":"2025-08-23T17:52:48.771913603-07:00","metricName":"server.conn_state_change","tags":{"state":"idle"},"values":{"count":3}}
{"type":"metric.1","time":"2025-08-23T17:52:48.772669304-07:00","metricName":"server.conn_state_change","metricType":"counter","tags":{"state":"new"},"values":{"count":4}}
{"type":"metric.1","time":"2025-08-23T17:52:48.773372313-07:00","metricName":"server.metric_cardinality","metricType":"gauge","tags":{},"values":{"value":54}}
{"metricName":"server.request.size","metricType":"histogram","type":"metric.1","time":"2025-08-23T17:52:48.774907183-07:00","tags":{"endpoint":"get","method":"get","service-name":"mynumberservice"},"values":{"count":2,"max":0,"p95":0,"p99":0}}
{"type":"metric.1","time":"2025-08-23T17:52:48.775613794-07:00","metricName":"server.response.size","metricType":"histogram","tags":{"endpoint":"get","method":"get","service-name":"mynumberservice"},"values":{"count":2,"max":6,"p95":6,"p99":6}}
{"time":"2025-08-23T17:52:48.776371734-07:00","metricName":"server.response","metricType":"timer","type":"metric.1","tags":{"endpoint":"get","method":"get","service-name":"mynumberservice"},"values":{"count":2,"max":3301,"p95":3301,"p99":3301}}
{"type":"metric.1","time":"2025-08-23T17:52:48.776929698-07:00","metricName":"server.uptime","metricType":"gauge","tags":{"go_arch":"amd64","go_os":"linux","go_version":"go1.25.0"},"values":{"value":360020576}}
{"type":"metric.1","time":"2025-08-23T17:53:18.753738874-07:00","metricName":"go.runtime.MemStats.Alloc","metricType":"gauge","tags":{},"values":{"value":3640784}}
{"type":"metric.1","time":"2025-08-23T17:53:18.754529084-07:00","metricName":"go.runtime.MemStats.GCCPUFraction","metricType":"gauge","tags":{},"values":{"value":0}}
{"metricName":"go.runtime.MemStats.HeapAlloc","metricType":"gauge","type":"metric.1","time":"2025-08-23T17:53:18.755257961-07:00","tags":{},"values":{"value":3640784}}
{"metricName":"go.runtime.MemStats.HeapIdle","metricType":"gauge","type":"metric.1","time":"2025-08-23T17:53:18.75579439-07:00","tags":{},"values":{"value":3055616}}
{"metricName":"go.runtime.MemStats.HeapInuse","metricType":"gauge","type":"metric.1","time":"2025-08-23T17:53:18.756454784-07:00","tags":{},"values":{"value":4644864}}
{"type":"metric.1","time":"2025-08-23T17:53:18.757021709-07:00","metricName":"go.runtime.MemStats.HeapObjects","metricType":"gauge","tags":{},"values":{"value":29818}}
{"type":"metric.1","time":"2025-08-23T17:53:18.757431733-07:00","metricName":"go.runtime.MemStats.HeapReleased","metricType":"gauge","tags":{},"values":{"value":3055616}}
{"type":"metric.1","time":"2025-08-23T17:53:18.757862967-07:00","metricName":"go.runtime.MemStats.HeapSys","metricType":"gauge","tags":{},"values":{"value":7700480}}
{"type":"metric.1","time":"2025-08-23T17:53:18.758555856-07:00","metricName":"go.runtime.MemStats.NumGC","metricType":"gauge","tags":{},"values":{"value":0}}
{"type":"metric.1","time":"2025-08-23T17:53:18.760667267-07:00","metricName":"go.runtime.MemStats.PauseNs","metricType":"histogram","tags":{},"values":{"count":0,"max":0,"p95":0,"p99":0}}
{"metricType":"gauge","type":"metric.1","time":"2025-08-23T17:53:18.761170014-07:00","metricName":"go.runtime.MemStats.StackInuse","tags":{},"values":{"value":688128}}
{"type":"metric.1","time":"2025-08-23T17:53:18.761735924-07:00","metricName":"go.runtime.NumGoroutine","metricType":"gauge","tags":{},"values":{"value":13}}
{"metricName":"go.runtime.NumThread","metricType":"gauge","type":"metric.1","time":"2025-08-23T17:53:18.762090102-07:00","tags":{},"values":{"value":9}}
{"type":"metric.1","time":"2025-08-23T17:53:18.762491632-07:00","metricName":"go.runtime.ReadMemStats","metricType":"timer","tags":{},"values":{"count":13,"max":1015886,"p95":1015886,"p99":1015886}}
{"time":"2025-08-23T17:53:18.763042738-07:00","metricName":"logging.sls.length","metricType":"histogram","type":"metric.1","tags":{"type":"metrics"},"values":{"count":383,"max":245,"p95":245,"p99":245}}
{"type":"metric.1","time":"2025-08-23T17:53:18.763875924-07:00","metricName":"logging.sls.length","metricType":"histogram","tags":{"type":"request"},"values":{"count":2,"max":1069,"p95":1069,"p99":1069}}
{"type":"metric.1","time":"2025-08-23T17:53:18.764490835-07:00","metricName":"logging.sls.length","metricType":"histogram","tags":{"type":"service"},"values":{"count":2,"max":258,"p95":258,"p99":258}}
{"metricName":"logging.sls","metricType":"meter","type":"metric.1","time":"2025-08-23T17:53:18.764980443-07:00","tags":{"level":"debug","type":"service.1"},"values":{"count":1}}
{"type":"metric.1","time":"2025-08-23T17:53:18.765470133-07:00","metricName":"logging.sls","metricType":"meter","tags":{"level":"info","type":"service.1"},"values":{"count":2}}
{"metricName":"logging.sls","metricType":"meter","type":"metric.1","time":"2025-08-23T17:53:18.766058863-07:00","tags":{"type":"metric.1"},"values":{"count":388}}
{"type":"metric.1","time":"2025-08-23T17:53:18.766574668-07:00","metricName":"logging.sls","metricType":"meter","tags":{"type":"request.2"},"values":{"count":2}}
{"type":"metric.1","time":"2025-08-23T17:53:18.767036893-07:00","metricName":"server.conn_state_change","metricType":"counter","tags":{"state":"active"},"values":{"count":3}}
{"metricName":"server.conn_state_change","metricType":"counter","type":"metric.1","time":"2025-08-23T17:53:18.767697364-07:00","tags":{"state":"closed"},"values":{"count":3}}
{"type":"metric.1","time":"2025-08-23T17:53:18.768448955-07:00","metricName":"server.conn_state_change","metricType":"counter","tags":{"state":"idle"},"values":{"count":3}}
{"time":"2025-08-23T17:53:18.769041063-07:00","metricName":"server.conn_state_change","metricType":"counter","type":"metric.1","tags":{"state":"new"},"values":{"count":4}}
{"type":"metric.1","time":"2025-08-23T17:53:18.769641266-07:00","metricName":"server.metric_cardinality","metricType":"gauge","tags":{},"values":{"value":54}}
{"type":"metric.1","time":"2025-08-23T17:53:18.770364734-07:00","metricName":"server.request.size","metricType":"histogram","tags":{"endpoint":"get","method":"get","service-name":"mynumberservice"},"values":{"count":2,"max":0,"p95":0,"p99":0}}
{"metricType":"histogram","type":"metric.1","time":"2025-08-23T17:53:18.771033724-07:00","metricName":"server.response.size","tags":{"endpoint":"get","method":"get","service-name":"mynumberservice"},"values":{"count":2,"max":6,"p95":6,"p99":6}}
{"time":"2025-08-23T17:53:18.774027514-07:00","metricName":"server.response","metricType":"timer","type":"metric.1","tags":{"endpoint":"get","method":"get","service-name":"mynumberservice"},"values":{"count":2,"max":3301,"p95":3301,"p99":3301}}
{"type":"metric.1","time":"2025-08-23T17:53:18.774604727-07:00","metricName":"server.uptime","metricType":"gauge","tags":{"go_arch":"amd64","go_os":"linux","go_version":"go1.25.0"},"values":{"value":390020226}}
{"type":"metric.1","time":"2025-08-23T17:53:48.75414304-07:00","metricName":"go.runtime.MemStats.Alloc","metricType":"gauge","tags":{},"values":{"value":1060808}}
{"type":"metric.1","time":"2025-08-23T17:53:48.756832076-07:00","metricName":"go.runtime.MemStats.GCCPUFraction","metricType":"gauge","tags":{},"values":{"value":0.000001385777228481877}}
{"type":"metric.1","time":"2025-08-23T17:53:48.75952848-07:00","metricName":"go.runtime.MemStats.HeapAlloc","metricType":"gauge","tags":{},"values":{"value":1060808}}
{"type":"metric.1","time":"2025-08-23T17:53:48.760220759-07:00","metricName":"go.runtime.MemStats.HeapIdle","metricType":"gauge","tags":{},"values":{"value":4915200}}
{"metricName":"go.runtime.MemStats.HeapInuse","metricType":"gauge","type":"metric.1","time":"2025-08-23T17:53:48.760846702-07:00","tags":{},"values":{"value":2654208}}
{"metricType":"gauge","type":"metric.1","time":"2025-08-23T17:53:48.761439042-07:00","metricName":"go.runtime.MemStats.HeapObjects","tags":{},"values":{"value":3116}}
{"type":"metric.1","time":"2025-08-23T17:53:48.762025482-07:00","metricName":"go.runtime.MemStats.HeapReleased","metricType":"gauge","tags":{},"values":{"value":2686976}}
{"type":"metric.1","time":"2025-08-23T17:53:48.762791122-07:00","metricName":"go.runtime.MemStats.HeapSys","metricType":"gauge","tags":{},"values":{"value":7569408}}
{"metricName":"go.runtime.MemStats.NumGC","metricType":"gauge","type":"metric.1","time":"2025-08-23T17:53:48.763505639-07:00","tags":{},"values":{"value":1}}
{"type":"metric.1","time":"2025-08-23T17:53:48.764340101-07:00","metricName":"go.runtime.MemStats.PauseNs","metricType":"histogram","tags":{},"values":{"count":1,"max":171186,"p95":171186,"p99":171186}}
{"metricType":"gauge","type":"metric.1","time":"2025-08-23T17:53:48.765053198-07:00","metricName":"go.runtime.MemStats.StackInuse","tags":{},"values":{"value":819200}}
{"time":"2025-08-23T17:53:48.765822275-07:00","metricName":"go.runtime.NumGoroutine","metricType":"gauge","type":"metric.1","tags":{},"values":{"value":13}}
{"type":"metric.1","time":"2025-08-23T17:53:48.767270544-07:00","metricName":"go.runtime.NumThread","metricType":"gauge","tags":{},"values":{"value":12}}
{"type":"metric.1","time":"2025-08-23T17:53:48.768486193-07:00","metricName":"go.runtime.ReadMemStats","metricType":"timer","tags":{},"values":{"count":14,"max":1015886,"p95":1015886,"p99":1015886}}
{"metricName":"logging.sls.length","metricType":"histogram","type":"metric.1","time":"2025-08-23T17:53:48.769134284-07:00","tags":{"type":"metrics"},"values":{"count":413,"max":245,"p95":245,"p99":245}}
{"metricType":"histogram","type":"metric.1","time":"2025-08-23T17:53:48.769767828-07:00","metricName":"logging.sls.length","tags":{"type":"request"},"values":{"count":2,"max":1069,"p95":1069,"p99":1069}}
{"time":"2025-08-23T17:53:48.770390027-07:00","metricName":"logging.sls.length","metricType":"histogram","type":"metric.1","tags":{"type":"service"},"values":{"count":2,"max":258,"p95":258,"p99":258}}
{"type":"metric.1","time":"2025-08-23T17:53:48.771874491-07:00","metricName":"logging.sls","metricType":"meter","tags":{"level":"debug","type":"service.1"},"values":{"count":1}}
{"type":"metric.1","time":"2025-08-23T17:53:48.772895931-07:00","metricName":"logging.sls","metricType":"meter","tags":{"level":"info","type":"service.1"},"values":{"count":2}}
{"type":"metric.1","time":"2025-08-23T17:53:48.773653781-07:00","metricName":"logging.sls","metricType":"meter","tags":{"type":"metric.1"},"values":{"count":418}}
{"type":"metric.1","time":"2025-08-23T17:53:48.77428018-07:00","metricName":"logging.sls","metricType":"meter","tags":{"type":"request.2"},"values":{"count":2}}
{"type":"metric.1","time":"2025-08-23T17:53:48.774844642-07:00","metricName":"server.conn_state_change","metricType":"counter","tags":{"state":"active"},"values":{"count":3}}
{"type":"metric.1","time":"2025-08-23T17:53:48.775488287-07:00","metricName":"server.conn_state_change","metricType":"counter","tags":{"state":"closed"},"values":{"count":3}}
{"metricName":"server.conn_state_change","metricType":"counter","type":"metric.1","time":"2025-08-23T17:53:48.776362677-07:00","tags":{"state":"idle"},"values":{"count":3}}
{"time":"2025-08-23T17:53:48.777109372-07:00","metricName":"server.conn_state_change","metricType":"counter","type":"metric.1","tags":{"state":"new"},"values":{"count":4}}
{"time":"2025-08-23T17:53:48.777843813-07:00","metricName":"server.metric_cardinality","metricType":"gauge","type":"metric.1","tags":{},"values":{"value":54}}
{"type":"metric.1","time":"2025-08-23T17:53:48.778607049-07:00","metricName":"server.request.size","metricType":"histogram","tags":{"endpoint":"get","method":"get","service-name":"mynumberservice"},"values":{"count":2,"max":0,"p95":0,"p99":0}}
{"type":"metric.1","time":"2025-08-23T17:53:48.779139399-07:00","metricName":"server.response.size","metricType":"histogram","tags":{"endpoint":"get","method":"get","service-name":"mynumberservice"},"values":{"count":2,"max":6,"p95":6,"p99":6}}
{"metricType":"timer","type":"metric.1","time":"2025-08-23T17:53:48.779626419-07:00","metricName":"server.response","tags":{"endpoint":"get","method":"get","service-name":"mynumberservice"},"values":{"count":2,"max":3301,"p95":3301,"p99":3301}}
{"type":"metric.1","time":"2025-08-23T17:53:48.780273622-07:00","metricName":"server.uptime","metricType":"gauge","tags":{"go_arch":"amd64","go_os":"linux","go_version":"go1.25.0"},"values":{"value":420020629}}
{"type":"metric.1","time":"2025-08-23T17:54:18.753752386-07:00","metricName":"go.runtime.MemStats.Alloc","metricType":"gauge","tags":{},"values":{"value":1223400}}
{"time":"2025-08-23T17:54:18.754734508-07:00","metricName":"go.runtime.MemStats.GCCPUFraction","metricType":"gauge","type":"metric.1","tags":{},"values":{"value":0.000001385777228481877}}
{"type":"metric.1","time":"2025-08-23T17:54:18.7555507-07:00","metricName":"go.runtime.MemStats.HeapAlloc","metricType":"gauge","tags":{},"values":{"value":1223400}}
{"time":"2025-08-23T17:54:18.756267903-07:00","metricName":"go.runtime.MemStats.HeapIdle","metricType":"gauge","type":"metric.1","tags":{},"values":{"value":4882432}}
{"type":"metric.1","time":"2025-08-23T17:54:18.757012483-07:00","metricName":"go.runtime.MemStats.HeapInuse","metricType":"gauge","tags":{},"values":{"value":2686976}}
{"time":"2025-08-23T17:54:18.757515452-07:00","metricName":"go.runtime.MemStats.HeapObjects","metricType":"gauge","type":"metric.1","tags":{},"values":{"value":4897}}
{"type":"metric.1","time":"2025-08-23T17:54:18.758014138-07:00","metricName":"go.runtime.MemStats.HeapReleased","metricType":"gauge","tags":{},"values":{"value":2654208}}
{"type":"metric.1","time":"2025-08-23T17:54:18.758516121-07:00","metricName":"go.runtime.MemStats.HeapSys","metricType":"gauge","tags":{},"values":{"value":7569408}}
{"metricType":"gauge","type":"metric.1","time":"2025-08-23T17:54:18.760993619-07:00","metricName":"go.runtime.MemStats.NumGC","tags":{},"values":{"value":0}}
{"type":"metric.1","time":"2025-08-23T17:54:18.761567325-07:00","metricName":"go.runtime.MemStats.PauseNs","metricType":"histogram","tags":{},"values":{"count":1,"max":171186,"p95":171186,"p99":171186}}
{"type":"metric.1","time":"2025-08-23T17:54:18.762303083-07:00","metricName":"go.runtime.MemStats.StackInuse","metricType":"gauge","tags":{},"values":{"value":819200}}
{"metricType":"gauge","type":"metric.1","time":"2025-08-23T17:54:18.762902235-07:00","metricName":"go.runtime.NumGoroutine","tags":{},"values":{"value":13}}
{"type":"metric.1","time":"2025-08-23T17:54:18.763713888-07:00","metricName":"go.runtime.NumThread","metricType":"gauge","tags":{},"values":{"value":12}}
{"type":"metric.1","time":"2025-08-23T17:54:18.76425585-07:00","metricName":"go.runtime.ReadMemStats","metricType":"timer","tags":{},"values":{"count":15,"max":1015886,"p95":1015886,"p99":1015886}}
{"metricType":"histogram","type":"metric.1","time":"2025-08-23T17:54:18.76499806-07:00","metricName":"logging.sls.length","tags":{"type":"metrics"},"values":{"count":443,"max":245,"p95":245,"p99":245}}
{"metricName":"logging.sls.length","metricType":"histogram","type":"metric.1","time":"2025-08-23T17:54:18.766069872-07:00","tags":{"type":"request"},"values":{"count":2,"max":1069,"p95":1069,"p99":1069}}
{"type":"metric.1","time":"2025-08-23T17:54:18.766801863-07:00","metricName":"logging.sls.length","metricType":"histogram","tags":{"type":"service"},"values":{"count":2,"max":258,"p95":258,"p99":258}}
{"time":"2025-08-23T17:54:18.767552828-07:00","metricName":"logging.sls","metricType":"meter","type":"metric.1","tags":{"level":"debug","type":"service.1"},"values":{"count":1}}
{"type":"metric.1","time":"2025-08-23T17:54:18.768160496-07:00","metricName":"logging.sls","metricType":"meter","tags":{"level":"info","type":"service.1"},"values":{"count":2}}
{"metricType":"meter","type":"metric.1","time":"2025-08-23T17:54:18.769153968-07:00","metricName":"logging.sls","tags":{"type":"metric.1"},"values":{"count":448}}
{"metricName":"logging.sls","metricType":"meter","type":"metric.1","time":"2025-08-23T17:54:18.769797593-07:00","tags":{"type":"request.2"},"values":{"count":2}}
{"type":"metric.1","time":"2025-08-23T17:54:18.770379597-07:00","metricName":"server.conn_state_change","metricType":"counter","tags":{"state":"active"},"values":{"count":3}}
{"type":"metric.1","time":"2025-08-23T17:54:18.770933133-07:00","metricName":"server.conn_state_change","metricType":"counter","tags":{"state":"closed"},"values":{"count":3}}
{"time":"2025-08-23T17:54:18.771538663-07:00","metricName":"server.conn_state_change","metricType":"counter","type":"metric.1","tags":{"state":"idle"},"values":{"count":3}}
{"type":"metric.1","time":"2025-08-23T17:54:18.772085946-07:00","metricName":"server.conn_state_change","metricType":"counter","tags":{"state":"new"},"values":{"count":4}}
{"metricType":"gauge","type":"metric.1","time":"2025-08-23T17:54:18.772958873-07:00","metricName":"server.metric_cardinality","tags":{},"values":{"value":54}}
{"metricType":"histogram","type":"metric.1","time":"2025-08-23T17:54:18.773660377-07:00","metricName":"server.request.size","tags":{"endpoint":"get","method":"get","service-name":"mynumberservice"},"values":{"count":2,"max":0,"p95":0,"p99":0}}
{"metricType":"histogram","type":"metric.1","time":"2025-08-23T17:54:18.774288988-07:00","metricName":"server.response.size","tags":{"endpoint":"get","method":"get","service-name":"mynumberservice"},"values":{"count":2,"max":6,"p95":6,"p99":6}}
{"metricName":"server.response","metricType":"timer","type":"metric.1","time":"2025-08-23T17:54:18.77516839-07:00","tags":{"endpoint":"get","method":"get","service-name":"mynumberservice"},"values":{"count":2,"max":3301,"p95":3301,"p99":3301}}
{"type":"metric.1","time":"2025-08-23T17:54:18.777300364-07:00","metricName":"server.uptime","metricType":"gauge","tags":{"go_arch":"amd64","go_os":"linux","go_version":"go1.25.0"},"values":{"value":450020110}}
{"type":"metric.1","time":"2025-08-23T17:54:48.753915159-07:00","metricName":"go.runtime.MemStats.Alloc","metricType":"gauge","tags":{},"values":{"value":1474392}}
{"metricType":"gauge","type":"metric.1","time":"2025-08-23T17:54:48.755006995-07:00","metricName":"go.runtime.MemStats.GCCPUFraction","tags":{},"values":{"value":0.000001385777228481877}}
{"type":"metric.1","time":"2025-08-23T17:54:48.755685587-07:00","metricName":"go.runtime.MemStats.HeapAlloc","metricType":"gauge","tags":{},"values":{"value":1474392}}
{"type":"metric.1","time":"2025-08-23T17:54:48.756367277-07:00","metricName":"go.runtime.MemStats.HeapIdle","metricType":"gauge","tags":{},"values":{"value":4694016}}
{"type":"metric.1","time":"2025-08-23T17:54:48.758128736-07:00","metricName":"go.runtime.MemStats.HeapInuse","metricType":"gauge","tags":{},"values":{"value":2875392}}
{"type":"metric.1","time":"2025-08-23T17:54:48.759129007-07:00","metricName":"go.runtime.MemStats.HeapObjects","metricType":"gauge","tags":{},"values":{"value":7085}}
{"type":"metric.1","time":"2025-08-23T17:54:48.759666839-07:00","metricName":"go.runtime.MemStats.HeapReleased","metricType":"gauge","tags":{},"values":{"value":2490368}}
{"type":"metric.1","time":"2025-08-23T17:54:48.760175234-07:00","metricName":"go.runtime.MemStats.HeapSys","metricType":"gauge","tags":{},"values":{"value":7569408}}
{"metricType":"gauge","type":"metric.1","time":"2025-08-23T17:54:48.760816035-07:00","metricName":"go.runtime.MemStats.NumGC","tags":{},"values":{"value":0}}
{"time":"2025-08-23T17:54:48.76138772-07:00","metricName":"go.runtime.MemStats.PauseNs","metricType":"histogram","type":"metric.1","tags":{},"values":{"count":1,"max":171186,"p95":171186,"p99":171186}}
{"type":"metric.1","time":"2025-08-23T17:54:48.76212106-07:00","metricName":"go.runtime.MemStats.StackInuse","metricType":"gauge","tags":{},"values":{"value":819200}}
{"type":"metric.1","time":"2025-08-23T17:54:48.76291311-07:00","metricName":"go.runtime.NumGoroutine","metricType":"gauge","tags":{},"values":{"value":13}}
{"type":"metric.1","time":"2025-08-23T17:54:48.763658754-07:00","metricName":"go.runtime.NumThread","metricType":"gauge","tags":{},"values":{"value":12}}
{"metricType":"timer","type":"metric.1","time":"2025-08-23T17:54:48.764520299-07:00","metricName":"go.runtime.ReadMemStats","tags":{},"values":{"count":16,"max":1015886,"p95":1015886,"p99":1015886}}
{"type":"metric.1","time":"2025-08-23T17:54:48.766965464-07:00","metricName":"logging.sls.length","metricType":"histogram","tags":{"type":"metrics"},"values":{"count":473,"max":245,"p95":245,"p99":245}}
{"type":"metric.1","time":"2025-08-23T17:54:48.767971322-07:00","metricName":"logging.sls.length","metricType":"histogram","tags":{"type":"request"},"values":{"count":2,"max":1069,"p95":1069,"p99":1069}}
{"metricName":"logging.sls.length","metricType":"histogram","type":"metric.1","time":"2025-08-23T17:54:48.768606961-07:00","tags":{"type":"service"},"values":{"count":4,"max":258,"p95":258,"p99":258}}
{"metricName":"logging.sls","metricType":"meter","type":"metric.1","time":"2025-08-23T17:54:48.769329108-07:00","tags":{"level":"debug","type":"service.1"},"values":{"count":1}}
{"type":"metric.1","time":"2025-08-23T17:54:48.770077479-07:00","metricName":"logging.sls","metricType":"meter","tags":{"level":"info","type":"service.1"},"values":{"count":4}}
{"metricType":"meter","type":"metric.1","time":"2025-08-23T17:54:48.770762837-07:00","metricName":"logging.sls","tags":{"type":"metric.1"},"values":{"count":478}}
{"type":"metric.1","time":"2025-08-23T17:54:48.771336651-07:00","metricName":"logging.sls","metricType":"meter","tags":{"type":"request.2"},"values":{"count":2}}
{"metricType":"counter","type":"metric.1","time":"2025-08-23T17:54:48.771911544-07:00","metricName":"server.conn_state_change","tags":{"state":"active"},"values":{"count":3}}
{"metricType":"counter","type":"metric.1","time":"2025-08-23T17:54:48.77322116-07:00","metricName":"server.conn_state_change","tags":{"state":"closed"},"values":{"count":3}}
{"time":"2025-08-23T17:54:48.774015834-07:00","metricName":"server.conn_state_change","metricType":"counter","type":"metric.1","tags":{"state":"idle"},"values":{"count":3}}
{"time":"2025-08-23T17:54:48.774502196-07:00","metricName":"server.conn_state_change","metricType":"counter","type":"metric.1","tags":{"state":"new"},"values":{"count":4}}
{"type":"metric.1","time":"2025-08-23T17:54:48.775181275-07:00","metricName":"server.metric_cardinality","metricType":"gauge","tags":{},"values":{"value":54}}
{"metricName":"server.request.size","metricType":"histogram","type":"metric.1","time":"2025-08-23T17:54:48.775756148-07:00","tags":{"endpoint":"get","method":"get","service-name":"mynumberservice"},"values":{"count":2,"max":0,"p95":0,"p99":0}}
{"type":"metric.1","time":"2025-08-23T17:54:48.776428861-07:00","metricName":"server.response.size","metricType":"histogram","tags":{"endpoint":"get","method":"get","service-name":"mynumberservice"},"values":{"count":2,"max":6,"p95":6,"p99":6}}
{"metricType":"timer","type":"metric.1","time":"2025-08-23T17:54:48.777082417-07:00","metricName":"server.response","tags":{"endpoint":"get","method":"get","service-name":"mynumberservice"},"values":{"count":2,"max":3301,"p95":3301,"p99":3301}}
{"metricName":"server.uptime","metricType":"gauge","type":"metric.1","time":"2025-08-23T17:54:48.777721033-07:00","tags":{"go_arch":"amd64","go_os":"linux","go_version":"go1.25.0"},"values":{"value":480020415}}
{"type":"metric.1","time":"2025-08-23T17:55:18.754226892-07:00","metricName":"go.runtime.MemStats.Alloc","metricType":"gauge","tags":{},"values":{"value":1635688}}
{"type":"metric.1","time":"2025-08-23T17:55:18.755516456-07:00","metricName":"go.runtime.MemStats.GCCPUFraction","metricType":"gauge","tags":{},"values":{"value":0.000001385777228481877}}
{"type":"metric.1","time":"2025-08-23T17:55:18.756387745-07:00","metricName":"go.runtime.MemStats.HeapAlloc","metricType":"gauge","tags":{},"values":{"value":1635688}}
{"type":"metric.1","time":"2025-08-23T17:55:18.75723497-07:00","metricName":"go.runtime.MemStats.HeapIdle","metricType":"gauge","tags":{},"values":{"value":4612096}}
{"type":"metric.1","time":"2025-08-23T17:55:18.758307484-07:00","metricName":"go.runtime.MemStats.HeapInuse","metricType":"gauge","tags":{},"values":{"value":2957312}}
{"metricName":"go.runtime.MemStats.HeapObjects","metricType":"gauge","type":"metric.1","time":"2025-08-23T17:55:18.759024673-07:00","tags":{},"values":{"value":8862}}
{"type":"metric.1","time":"2025-08-23T17:55:18.759688047-07:00","metricName":"go.runtime.MemStats.HeapReleased","metricType":"gauge","tags":{},"values":{"value":2482176}}
{"type":"metric.1","time":"2025-08-23T17:55:18.760487494-07:00","metricName":"go.runtime.MemStats.HeapSys","metricType":"gauge","tags":{},"values":{"value":7569408}}
{"type":"metric.1","time":"2025-08-23T17:55:18.761321336-07:00","metricName":"go.runtime.MemStats.NumGC","metricType":"gauge","tags":{},"values":{"value":0}}
{"type":"metric.1","time":"2025-08-23T17:55:18.764334628-07:00","metricName":"go.runtime.MemStats.PauseNs","metricType":"histogram","tags":{},"values":{"count":1,"max":171186,"p95":171186,"p99":171186}}
{"type":"metric.1","time":"2025-08-23T17:55:18.764966683-07:00","metricName":"go.runtime.MemStats.StackInuse","metricType":"gauge","tags":{},"values":{"value":819200}}
{"type":"metric.1","time":"2025-08-23T17:55:18.765973702-07:00","metricName":"go.runtime.NumGoroutine","metricType":"gauge","tags":{},"values":{"value":13}}
{"type":"metric.1","time":"2025-08-23T17:55:18.766854279-07:00","metricName":"go.runtime.NumThread","metricType":"gauge","tags":{},"values":{"value":12}}
{"type":"metric.1","time":"2025-08-23T17:55:18.767837991-07:00","metricName":"go.runtime.ReadMemStats","metricType":"timer","tags":{},"values":{"count":17,"max":1015886,"p95":1015886,"p99":1015886}}
{"type":"metric.1","time":"2025-08-23T17:55:18.769372616-07:00","metricName":"logging.sls.length","metricType":"histogram","tags":{"type":"metrics"},"values":{"count":503,"max":245,"p95":245,"p99":245}}
{"time":"2025-08-23T17:55:18.770099697-07:00","metricName":"logging.sls.length","metricType":"histogram","type":"metric.1","tags":{"type":"request"},"values":{"count":2,"max":1069,"p95":1069,"p99":1069}}
{"type":"metric.1","time":"2025-08-23T17:55:18.771103632-07:00","metricName":"logging.sls.length","metricType":"histogram","tags":{"type":"service"},"values":{"count":4,"max":258,"p95":258,"p99":258}}
{"time":"2025-08-23T17:55:18.77255688-07:00","metricName":"logging.sls","metricType":"meter","type":"metric.1","tags":{"level":"debug","type":"service.1"},"values":{"count":1}}
{"type":"metric.1","time":"2025-08-23T17:55:18.776363973-07:00","metricName":"logging.sls","metricType":"meter","tags":{"level":"info","type":"service.1"},"values":{"count":4}}
{"type":"metric.1","time":"2025-08-23T17:55:18.777141116-07:00","metricName":"logging.sls","metricType":"meter","tags":{"type":"metric.1"},"values":{"count":508}}
{"metricType":"meter","type":"metric.1","time":"2025-08-23T17:55:18.782786993-07:00","metricName":"logging.sls","tags":{"type":"request.2"},"values":{"count":2}}
{"type":"metric.1","time":"2025-08-23T17:55:18.784263067-07:00","metricName":"server.conn_state_change","metricType":"counter","tags":{"state":"active"},"values":{"count":3}}
{"type":"metric.1","time":"2025-08-23T17:55:18.785217462-07:00","metricName":"server.conn_state_change","metricType":"counter","tags":{"state":"closed"},"values":{"count":3}}
{"metricName":"server.conn_state_change","metricType":"counter","type":"metric.1","time":"2025-08-23T17:55:18.786343766-07:00","tags":{"state":"idle"},"values":{"count":3}}
{"metricName":"server.conn_state_change","metricType":"counter","type":"metric.1","time":"2025-08-23T17:55:18.787011546-07:00","tags":{"state":"new"},"values":{"count":4}}
{"type":"metric.1","time":"2025-08-23T17:55:18.787663188-07:00","metricName":"server.metric_cardinality","metricType":"gauge","tags":{},"values":{"value":54}}
{"type":"metric.1","time":"2025-08-23T17:55:18.788368422-07:00","metricName":"server.request.size","metricType":"histogram","tags":{"endpoint":"get","method":"get","service-name":"mynumberservice"},"values":{"count":2,"max":0,"p95":0,"p99":0}}
{"metricName":"server.response.size","metricType":"histogram","type":"metric.1","time":"2025-08-23T17:55:18.788780019-07:00","tags":{"endpoint":"get","method":"get","service-name":"mynumberservice"},"values":{"count":2,"max":6,"p95":6,"p99":6}}
{"type":"metric.1","time":"2025-08-23T17:55:18.78940777-07:00","metricName":"server.response","metricType":"timer","tags":{"endpoint":"get","method":"get","service-name":"mynumberservice"},"values":{"count":2,"max":3301,"p95":3301,"p99":3301}}
{"metricType":"gauge","type":"metric.1","time":"2025-08-23T17:55:18.789977407-07:00","metricName":"server.uptime","tags":{"go_arch":"amd64","go_os":"linux","go_version":"go1.25.0"},"values":{"value":510020720}}
{"metricName":"go.runtime.MemStats.Alloc","metricType":"gauge","type":"metric.1","time":"2025-08-23T17:55:48.753594548-07:00","tags":{},"values":{"value":1009712}}
{"type":"metric.1","time":"2025-08-23T17:55:48.754665031-07:00","metricName":"go.runtime.MemStats.GCCPUFraction","metricType":"gauge","tags":{},"values":{"value":0.0000014747619534513587}}
{"type":"metric.1","time":"2025-08-23T17:55:48.755302807-07:00","metricName":"go.runtime.MemStats.HeapAlloc","metricType":"gauge","tags":{},"values":{"value":1009712}}
{"metricName":"go.runtime.MemStats.HeapIdle","metricType":"gauge","type":"metric.1","time":"2025-08-23T17:55:48.755875359-07:00","tags":{},"values":{"value":5144576}}
{"type":"metric.1","time":"2025-08-23T17:55:48.756434496-07:00","metricName":"go.runtime.MemStats.HeapInuse","metricType":"gauge","tags":{},"values":{"value":2424832}}
{"type":"metric.1","time":"2025-08-23T17:55:48.757060484-07:00","metricName":"go.runtime.MemStats.HeapObjects","metricType":"gauge","tags":{},"values":{"value":3390}}
{"time":"2025-08-23T17:55:48.757628549-07:00","metricName":"go.runtime.MemStats.HeapReleased","metricType":"gauge","type":"metric.1","tags":{},"values":{"value":4292608}}
{"type":"metric.1","time":"2025-08-23T17:55:48.758179386-07:00","metricName":"go.runtime.MemStats.HeapSys","metricType":"gauge","tags":{},"values":{"value":7569408}}
{"metricName":"go.runtime.MemStats.NumGC","metricType":"gauge","type":"metric.1","time":"2025-08-23T17:55:48.758808852-07:00","tags":{},"values":{"value":1}}
{"type":"metric.1","time":"2025-08-23T17:55:48.759398703-07:00","metricName":"go.runtime.MemStats.PauseNs","metricType":"histogram","tags":{},"values":{"count":2,"max":171186,"p95":171186,"p99":171186}}
{"type":"metric.1","time":"2025-08-23T17:55:48.759963781-07:00","metricName":"go.runtime.MemStats.StackInuse","metricType":"gauge","tags":{},"values":{"value":819200}}
{"time":"2025-08-23T17:55:48.760489859-07:00","metricName":"go.runtime.NumGoroutine","metricType":"gauge","type":"metric.1","tags":{},"values":{"value":13}}
{"type":"metric.1","time":"2025-08-23T17:55:48.760987901-07:00","metricName":"go.runtime.NumThread","metricType":"gauge","tags":{},"values":{"value":12}}
{"type":"metric.1","time":"2025-08-23T17:55:48.761660529-07:00","metricName":"go.runtime.ReadMemStats","metricType":"timer","tags":{},"values":{"count":18,"max":1015886,"p95":1015886,"p99":1015886}}
{"type":"metric.1","time":"2025-08-23T17:55:48.762502876-07:00","metricName":"logging.sls.length","metricType":"histogram","tags":{"type":"metrics"},"values":{"count":533,"max":245,"p95":245,"p99":245}}
{"type":"metric.1","time":"2025-08-23T17:55:48.763930284-07:00","metricName":"logging.sls.length","metricType":"histogram","tags":{"type":"request"},"values":{"count":2,"max":1069,"p95":1069,"p99":1069}}
{"type":"metric.1","time":"2025-08-23T17:55:48.765041838-07:00","metricName":"logging.sls.length","metricType":"histogram","tags":{"type":"service"},"values":{"count":4,"max":258,"p95":258,"p99":258}}
{"type":"metric.1","time":"2025-08-23T17:55:48.765777031-07:00","metricName":"logging.sls","metricType":"meter","tags":{"level":"debug","type":"service.1"},"values":{"count":1}}
{"type":"metric.1","time":"2025-08-23T17:55:48.766564095-07:00","metricName":"logging.sls","metricType":"meter","tags":{"level":"info","type":"service.1"},"values":{"count":4}}
{"type":"metric.1","time":"2025-08-23T17:55:48.767488001-07:00","metricName":"logging.sls","metricType":"meter","tags":{"type":"metric.1"},"values":{"count":538}}
{"metricType":"meter","type":"metric.1","time":"2025-08-23T17:55:48.768480016-07:00","metricName":"logging.sls","tags":{"type":"request.2"},"values":{"count":2}}
{"type":"metric.1","time":"2025-08-23T17:55:48.769204427-07:00","metricName":"server.conn_state_change","metricType":"counter","tags":{"state":"active"},"values":{"count":3}}
{"time":"2025-08-23T17:55:48.770057929-07:00","metricName":"server.conn_state_change","metricType":"counter","type":"metric.1","tags":{"state":"closed"},"values":{"count":3}}
{"type":"metric.1","time":"2025-08-23T17:55:48.770975256-07:00","metricName":"server.conn_state_change","metricType":"counter","tags":{"state":"idle"},"values":{"count":3}}
{"metricName":"server.conn_state_change","metricType":"counter","type":"metric.1","time":"2025-08-23T17:55:48.771697268-07:00","tags":{"state":"new"},"values":{"count":4}}
{"type":"metric.1","time":"2025-08-23T17:55:48.772597362-07:00","metricName":"server.metric_cardinality","metricType":"gauge","tags":{},"values":{"value":54}}
{"type":"metric.1","time":"2025-08-23T17:55:48.773280352-07:00","metricName":"server.request.size","metricType":"histogram","tags":{"endpoint":"get","method":"get","service-name":"mynumberservice"},"values":{"count":2,"max":0,"p95":0,"p99":0}}
{"type":"metric.1","time":"2025-08-23T17:55:48.773902365-07:00","metricName":"server.response.size","metricType":"histogram","tags":{"endpoint":"get","method":"get","service-name":"mynumberservice"},"values":{"count":2,"max":6,"p95":6,"p99":6}}
{"type":"metric.1","time":"2025-08-23T17:55:48.774729104-07:00","metricName":"server.response","metricType":"timer","tags":{"endpoint":"get","method":"get","service-name":"mynumberservice"},"values":{"count":2,"max":3301,"p95":3301,"p99":3301}}
{"type":"metric.1","time":"2025-08-23T17:55:48.77565185-07:00","metricName":"server.uptime","metricType":"gauge","tags":{"go_arch":"amd64","go_os":"linux","go_version":"go1.25.0"},"values":{"value":540020085}}
{"metricType":"gauge","type":"metric.1","time":"2025-08-23T17:56:18.754063455-07:00","metricName":"go.runtime.MemStats.Alloc","tags":{},"values":{"value":1175120}}
{"metricName":"go.runtime.MemStats.GCCPUFraction","metricType":"gauge","type":"metric.1","time":"2025-08-23T17:56:18.75515794-07:00","tags":{},"values":{"value":0.0000014747619534513587}}
{"type":"metric.1","time":"2025-08-23T17:56:18.755800893-07:00","metricName":"go.runtime.MemStats.HeapAlloc","metricType":"gauge","tags":{},"values":{"value":1175120}}
{"time":"2025-08-23T17:56:18.756474202-07:00","metricName":"go.runtime.MemStats.HeapIdle","metricType":"gauge","type":"metric.1","tags":{},"values":{"value":5054464}}
{"type":"metric.1","time":"2025-08-23T17:56:18.757245378-07:00","metricName":"go.runtime.MemStats.HeapInuse","metricType":"gauge","tags":{},"values":{"value":2514944}}
{"type":"metric.1","time":"2025-08-23T17:56:18.757865089-07:00","metricName":"go.runtime.MemStats.HeapObjects","metricType":"gauge","tags":{},"values":{"value":5188}}
{"type":"metric.1","time":"2025-08-23T17:56:18.758764728-07:00","metricName":"go.runtime.MemStats.HeapReleased","metricType":"gauge","tags":{},"values":{"value":4276224}}
{"type":"metric.1","time":"2025-08-23T17:56:18.759395445-07:00","metricName":"go.runtime.MemStats.HeapSys","metricType":"gauge","tags":{},"values":{"value":7569408}}
{"metricName":"go.runtime.MemStats.NumGC","metricType":"gauge","type":"metric.1","time":"2025-08-23T17:56:18.760102873-07:00","tags":{},"values":{"value":0}}
{"metricName":"go.runtime.MemStats.PauseNs","metricType":"histogram","type":"metric.1","time":"2025-08-23T17:56:18.760704581-07:00","tags":{},"values":{"count":2,"max":171186,"p95":171186,"p99":171186}}
{"type":"metric.1","time":"2025-08-23T17:56:18.761252764-07:00","metricName":"go.runtime.MemStats.StackInuse","metricType":"gauge","tags":{},"values":{"value":819200}}
{"type":"metric.1","time":"2025-08-23T17:56:18.762364713-07:00","metricName":"go.runtime.NumGoroutine","metricType":"gauge","tags":{},"values":{"value":13}}
{"type":"metric.1","time":"2025-08-23T17:56:18.765397944-07:00","metricName":"go.runtime.NumThread","metricType":"gauge","tags":{},"values":{"value":12}}
{"time":"2025-08-23T17:56:18.766665124-07:00","metricName":"go.runtime.ReadMemStats","metricType":"timer","type":"metric.1","tags":{},"values":{"count":19,"max":1015886,"p95":1015886,"p99":1015886}}
{"metricName":"logging.sls.length","metricType":"histogram","type":"metric.1","time":"2025-08-23T17:56:18.767496429-07:00","tags":{"type":"metrics"},"values":{"count":563,"max":245,"p95":245,"p99":245}}
{"metricName":"logging.sls.length","metricType":"histogram","type":"metric.1","time":"2025-08-23T17:56:18.768219645-07:00","tags":{"type":"request"},"values":{"count":2,"max":1069,"p95":1069,"p99":1069}}
{"metricType":"histogram","type":"metric.1","time":"2025-08-23T17:56:18.769013024-07:00","metricName":"logging.sls.length","tags":{"type":"service"},"values":{"count":4,"max":258,"p95":258,"p99":258}}
{"metricName":"logging.sls","metricType":"meter","type":"metric.1","time":"2025-08-23T17:56:18.769792715-07:00","tags":{"level":"debug","type":"service.1"},"values":{"count":1}}
{"type":"metric.1","time":"2025-08-23T17:56:18.770546182-07:00","metricName":"logging.sls","metricType":"meter","tags":{"level":"info","type":"service.1"},"values":{"count":4}}
{"type":"metric.1","time":"2025-08-23T17:56:18.77129309-07:00","metricName":"logging.sls","metricType":"meter","tags":{"type":"metric.1"},"values":{"count":568}}
{"time":"2025-08-23T17:56:18.772006848-07:00","metricName":"logging.sls","metricType":"meter","type":"metric.1","tags":{"type":"request.2"},"values":{"count":2}}
{"type":"metric.1","time":"2025-08-23T17:56:18.772957125-07:00","metricName":"server.conn_state_change","metricType":"counter","tags":{"state":"active"},"values":{"count":3}}
{"type":"metric.1","time":"2025-08-23T17:56:18.7734875-07:00","metricName":"server.conn_state_change","metricType":"counter","tags":{"state":"closed"},"values":{"count":3}}
{"time":"2025-08-23T17:56:18.774498207-07:00","metricName":"server.conn_state_change","metricType":"counter","type":"metric.1","tags":{"state":"idle"},"values":{"count":3}}
{"type":"metric.1","time":"2025-08-23T17:56:18.775190898-07:00","metricName":"server.conn_state_change","metricType":"counter","tags":{"state":"new"},"values":{"count":4}}
{"type":"metric.1","time":"2025-08-23T17:56:18.775947169-07:00","metricName":"server.metric_cardinality","metricType":"gauge","tags":{},"values":{"value":54}}
{"metricName":"server.request.size","metricType":"histogram","type":"metric.1","time":"2025-08-23T17:56:18.776495382-07:00","tags":{"endpoint":"get","method":"get","service-name":"mynumberservice"},"values":{"count":2,"max":0,"p95":0,"p99":0}}
{"time":"2025-08-23T17:56:18.777234848-07:00","metricName":"server.response.size","metricType":"histogram","type":"metric.1","tags":{"endpoint":"get","method":"get","service-name":"mynumberservice"},"values":{"count":2,"max":6,"p95":6,"p99":6}}
{"time":"2025-08-23T17:56:18.777906855-07:00","metricName":"server.response","metricType":"timer","type":"metric.1","tags":{"endpoint":"get","method":"get","service-name":"mynumberservice"},"values":{"count":2,"max":3301,"p95":3301,"p99":3301}}
{"type":"metric.1","time":"2025-08-23T17:56:18.778509857-07:00","metricName":"server.uptime","metricType":"gauge","tags":{"go_arch":"amd64","go_os":"linux","go_version":"go1.25.0"},"values":{"value":570020564}}
{"type":"metric.1","time":"2025-08-23T17:56:48.753600539-07:00","metricName":"go.runtime.MemStats.Alloc","metricType":"gauge","tags":{},"values":{"value":1341008}}
{"type":"metric.1","time":"2025-08-23T17:56:48.754711149-07:00","metricName":"go.runtime.MemStats.GCCPUFraction","metricType":"gauge","tags":{},"values":{"value":0.0000014747619534513587}}
{"type":"metric.1","time":"2025-08-23T17:56:48.755292019-07:00","metricName":"go.runtime.MemStats.HeapAlloc","metricType":"gauge","tags":{},"values":{"value":1341008}}
{"metricName":"go.runtime.MemStats.HeapIdle","metricType":"gauge","type":"metric.1","time":"2025-08-23T17:56:48.755902787-07:00","tags":{},"values":{"value":4956160}}
{"type":"metric.1","time":"2025-08-23T17:56:48.7564002-07:00","metricName":"go.runtime.MemStats.HeapInuse","metricType":"gauge","tags":{},"values":{"value":2613248}}
{"type":"metric.1","time":"2025-08-23T17:56:48.756973295-07:00","metricName":"go.runtime.MemStats.HeapObjects","metricType":"gauge","tags":{},"values":{"value":6981}}
{"metricType":"gauge","type":"metric.1","time":"2025-08-23T17:56:48.757460542-07:00","metricName":"go.runtime.MemStats.HeapReleased","tags":{},"values":{"value":4227072}}
{"type":"metric.1","time":"2025-08-23T17:56:48.758062552-07:00","metricName":"go.runtime.MemStats.HeapSys","metricType":"gauge","tags":{},"values":{"value":7569408}}
{"metricType":"gauge","type":"metric.1","time":"2025-08-23T17:56:48.758642428-07:00","metricName":"go.runtime.MemStats.NumGC","tags":{},"values":{"value":0}}
{"type":"metric.1","time":"2025-08-23T17:56:48.759205833-07:00","metricName":"go.runtime.MemStats.PauseNs","metricType":"histogram","tags":{},"values":{"count":2,"max":171186,"p95":171186,"p99":171186}}
{"type":"metric.1","time":"2025-08-23T17:56:48.759750852-07:00","metricName":"go.runtime.MemStats.StackInuse","metricType":"gauge","tags":{},"values":{"value":819200}}
{"time":"2025-08-23T17:56:48.760309822-07:00","metricName":"go.runtime.NumGoroutine","metricType":"gauge","type":"metric.1","tags":{},"values":{"value":13}}
{"type":"metric.1","time":"2025-08-23T17:56:48.760882722-07:00","metricName":"go.runtime.NumThread","metricType":"gauge","tags":{},"values":{"value":12}}
{"type":"metric.1","time":"2025-08-23T17:56:48.761418892-07:00","metricName":"go.runtime.ReadMemStats","metricType":"timer","tags":{},"values":{"count":20,"max":1015886,"p95":994010.4999999998,"p99":1015886}}
{"type":"metric.1","time":"2025-08-23T17:56:48.762964828-07:00","metricName":"logging.sls.length","metricType":"histogram","tags":{"type":"metrics"},"values":{"count":593,"max":245,"p95":245,"p99":245}}
{"metricName":"logging.sls.length","metricType":"histogram","type":"metric.1","time":"2025-08-23T17:56:48.763859124-07:00","tags":{"type":"request"},"values":{"count":2,"max":1069,"p95":1069,"p99":1069}}
{"type":"metric.1","time":"2025-08-23T17:56:48.764698978-07:00","metricName":"logging.sls.length","metricType":"histogram","tags":{"type":"service"},"values":{"count":4,"max":258,"p95":258,"p99":258}}
{"metricType":"meter","type":"metric.1","time":"2025-08-23T17:56:48.765681059-07:00","metricName":"logging.sls","tags":{"level":"debug","type":"service.1"},"values":{"count":1}}
{"type":"metric.1","time":"2025-08-23T17:56:48.766550015-07:00","metricName":"logging.sls","metricType":"meter","tags":{"level":"info","type":"service.1"},"values":{"count":4}}
{"type":"metric.1","time":"2025-08-23T17:56:48.76746291-07:00","metricName":"logging.sls","metricType":"meter","tags":{"type":"metric.1"},"values":{"count":598}}
{"type":"metric.1","time":"2025-08-23T17:56:48.768211745-07:00","metricName":"logging.sls","metricType":"meter","tags":{"type":"request.2"},"values":{"count":2}}
{"type":"metric.1","time":"2025-08-23T17:56:48.769004484-07:00","metricName":"server.conn_state_change","metricType":"counter","tags":{"state":"active"},"values":{"count":3}}
{"metricName":"server.conn_state_change","metricType":"counter","type":"metric.1","time":"2025-08-23T17:56:48.76980148-07:00","tags":{"state":"closed"},"values":{"count":3}}
{"type":"metric.1","time":"2025-08-23T17:56:48.770645224-07:00","metricName":"server.conn_state_change","metricType":"counter","tags":{"state":"idle"},"values":{"count":3}}
{"metricType":"counter","type":"metric.1","time":"2025-08-23T17:56:48.771398221-07:00","metricName":"server.conn_state_change","tags":{"state":"new"},"values":{"count":4}}
{"type":"metric.1","time":"2025-08-23T17:56:48.7721193-07:00","metricName":"server.metric_cardinality","metricType":"gauge","tags":{},"values":{"value":54}}
{"type":"metric.1","time":"2025-08-23T17:56:48.772627401-07:00","metricName":"server.request.size","metricType":"histogram","tags":{"endpoint":"get","method":"get","service-name":"mynumberservice"},"values":{"count":2,"max":0,"p95":0,"p99":0}}
{"metricType":"histogram","type":"metric.1","time":"2025-08-23T17:56:48.77334428-07:00","metricName":"server.response.size","tags":{"endpoint":"get","method":"get","service-name":"mynumberservice"},"values":{"count":2,"max":6,"p95":6,"p99":6}}
{"type":"metric.1","time":"2025-08-23T17:56:48.774175881-07:00","metricName":"server.response","metricType":"timer","tags":{"endpoint":"get","method":"get","service-name":"mynumberservice"},"values":{"count":2,"max":3301,"p95":3301,"p99":3301}}
{"time":"2025-08-23T17:56:48.774956324-07:00","metricName":"server.uptime","metricType":"gauge","type":"metric.1","tags":{"go_arch":"amd64","go_os":"linux","go_version":"go1.25.0"},"values":{"value":600020096}}
{"type":"metric.1","time":"2025-08-23T17:57:18.754788339-07:00","metricName":"go.runtime.MemStats.Alloc","metricType":"gauge","tags":{},"values":{"value":1504720}}
{"metricName":"go.runtime.MemStats.GCCPUFraction","metricType":"gauge","type":"metric.1","time":"2025-08-23T17:57:18.755794401-07:00","tags":{},"values":{"value":0.0000014747619534513587}}
{"metricName":"go.runtime.MemStats.HeapAlloc","metricType":"gauge","type":"metric.1","time":"2025-08-23T17:57:18.756466588-07:00","tags":{},"values":{"value":1504720}}
{"type":"metric.1","time":"2025-08-23T17:57:18.757056603-07:00","metricName":"go.runtime.MemStats.HeapIdle","metricType":"gauge","tags":{},"values":{"value":4874240}}
{"type":"metric.1","time":"2025-08-23T17:57:18.757666617-07:00","metricName":"go.runtime.MemStats.HeapInuse","metricType":"gauge","tags":{},"values":{"value":2695168}}
{"type":"metric.1","time":"2025-08-23T17:57:18.758163097-07:00","metricName":"go.runtime.MemStats.HeapObjects","metricType":"gauge","tags":{},"values":{"value":8759}}
{"type":"metric.1","time":"2025-08-23T17:57:18.758908586-07:00","metricName":"go.runtime.MemStats.HeapReleased","metricType":"gauge","tags":{},"values":{"value":4210688}}
{"metricName":"go.runtime.MemStats.HeapSys","metricType":"gauge","type":"metric.1","time":"2025-08-23T17:57:18.759507404-07:00","tags":{},"values":{"value":7569408}}
{"time":"2025-08-23T17:57:18.760106459-07:00","metricName":"go.runtime.MemStats.NumGC","metricType":"gauge","type":"metric.1","tags":{},"values":{"value":0}}
{"time":"2025-08-23T17:57:18.760642156-07:00","metricName":"go.runtime.MemStats.PauseNs","metricType":"histogram","type":"metric.1","tags":{},"values":{"count":2,"max":171186,"p95":171186,"p99":171186}}
{"time":"2025-08-23T17:57:18.761152242-07:00","metricName":"go.runtime.MemStats.StackInuse","metricType":"gauge","type":"metric.1","tags":{},"values":{"value":819200}}
{"type":"metric.1","time":"2025-08-23T17:57:18.761705778-07:00","metricName":"go.runtime.NumGoroutine","metricType":"gauge","tags":{},"values":{"value":13}}
{"metricType":"gauge","type":"metric.1","time":"2025-08-23T17:57:18.762262651-07:00","metricName":"go.runtime.NumThread","tags":{},"values":{"value":12}}
{"type":"metric.1","time":"2025-08-23T17:57:18.763307523-07:00","metricName":"go.runtime.ReadMemStats","metricType":"timer","tags":{},"values":{"count":21,"max":1015886,"p95":972134.9999999993,"p99":1015886}}
{"type":"metric.1","time":"2025-08-23T17:57:18.76454427-07:00","metricName":"logging.sls.length","metricType":"histogram","tags":{"type":"metrics"},"values":{"count":623,"max":245,"p95":245,"p99":245}}
{"time":"2025-08-23T17:57:18.765035141-07:00","metricName":"logging.sls.length","metricType":"histogram","type":"metric.1","tags":{"type":"request"},"values":{"count":2,"max":1069,"p95":1069,"p99":1069}}
{"time":"2025-08-23T17:57:18.766000961-07:00","metricName":"logging.sls.length","metricType":"histogram","type":"metric.1","tags":{"type":"service"},"values":{"count":4,"max":258,"p95":258,"p99":258}}
{"type":"metric.1","time":"2025-08-23T17:57:18.766956671-07:00","metricName":"logging.sls","metricType":"meter","tags":{"level":"debug","type":"service.1"},"values":{"count":1}}
{"metricName":"logging.sls","metricType":"meter","type":"metric.1","time":"2025-08-23T17:57:18.767847745-07:00","tags":{"level":"info","type":"service.1"},"values":{"count":4}}
{"type":"metric.1","time":"2025-08-23T17:57:18.768694641-07:00","metricName":"logging.sls","metricType":"meter","tags":{"type":"metric.1"},"values":{"count":628}}
{"type":"metric.1","time":"2025-08-23T17:57:18.769529514-07:00","metricName":"logging.sls","metricType":"meter","tags":{"type":"request.2"},"values":{"count":2}}
{"time":"2025-08-23T17:57:18.770305122-07:00","metricName":"server.conn_state_change","metricType":"counter","type":"metric.1","tags":{"state":"active"},"values":{"count":3}}
{"type":"metric.1","time":"2025-08-23T17:57:18.770931237-07:00","metricName":"server.conn_state_change","metricType":"counter","tags":{"state":"closed"},"values":{"count":3}}
{"type":"metric.1","time":"2025-08-23T17:57:18.771770858-07:00","metricName":"server.conn_state_change","metricType":"counter","tags":{"state":"idle"},"values":{"count":3}}
{"type":"metric.1","time":"2025-08-23T17:57:18.772304518-07:00","metricName":"server.conn_state_change","metricType":"counter","tags":{"state":"new"},"values":{"count":4}}
{"type":"metric.1","time":"2025-08-23T17:57:18.773010989-07:00","metricName":"server.metric_cardinality","metricType":"gauge","tags":{},"values":{"value":54}}
{"metricType":"histogram","type":"metric.1","time":"2025-08-23T17:57:18.773866866-07:00","metricName":"server.request.size","tags":{"endpoint":"get","method":"get","service-name":"mynumberservice"},"values":{"count":2,"max":0,"p95":0,"p99":0}}
{"time":"2025-08-23T17:57:18.774838879-07:00","metricName":"server.response.size","metricType":"histogram","type":"metric.1","tags":{"endpoint":"get","method":"get","service-name":"mynumberservice"},"values":{"count":2,"max":6,"p95":6,"p99":6}}
{"metricType":"timer","type":"metric.1","time":"2025-08-23T17:57:18.775431093-07:00","metricName":"server.response","tags":{"endpoint":"get","method":"get","service-name":"mynumberservice"},"values":{"count":2,"max":3301,"p95":3301,"p99":3301}}
{"type":"metric.1","time":"2025-08-23T17:57:18.776056843-07:00","metricName":"server.uptime","metricType":"gauge","tags":{"go_arch":"amd64","go_os":"linux","go_version":"go1.25.0"},"values":{"value":630021248}}
{"type":"metric.1","time":"2025-08-23T17:57:23.983791811-07:00","metricName":"go.runtime.MemStats.Alloc","metricType":"gauge","tags":{},"values":{"value":960352}}
{"time":"2025-08-23T17:57:23.984400813-07:00","metricName":"go.runtime.MemStats.GCCPUFraction","metricType":"gauge","type":"metric.1","tags":{},"values":{"value":0.000001735698242415143}}
{"type":"metric.1","time":"2025-08-23T17:57:23.98632356-07:00","metricName":"go.runtime.MemStats.HeapAlloc","metricType":"gauge","tags":{},"values":{"value":960352}}
{"time":"2025-08-23T17:57:23.987455274-07:00","metricName":"go.runtime.MemStats.HeapIdle","metricType":"gauge","type":"metric.1","tags":{},"values":{"value":5160960}}
{"type":"metric.1","time":"2025-08-23T17:57:23.988031504-07:00","metricName":"go.runtime.MemStats.HeapInuse","metricType":"gauge","tags":{},"values":{"value":2408448}}
{"type":"metric.1","time":"2025-08-23T17:57:23.990788324-07:00","metricName":"go.runtime.MemStats.HeapObjects","metricType":"gauge","tags":{},"values":{"value":3154}}
{"metricName":"go.runtime.MemStats.HeapReleased","metricType":"gauge","type":"metric.1","time":"2025-08-23T17:57:23.992081003-07:00","tags":{},"values":{"value":4579328}}
{"type":"metric.1","time":"2025-08-23T17:57:23.992669254-07:00","metricName":"go.runtime.MemStats.HeapSys","metricType":"gauge","tags":{},"values":{"value":7569408}}
{"type":"metric.1","time":"2025-08-23T17:57:23.993207553-07:00","metricName":"go.runtime.MemStats.NumGC","metricType":"gauge","tags":{},"values":{"value":1}}
{"time":"2025-08-23T17:57:23.995633015-07:00","metricName":"go.runtime.MemStats.PauseNs","metricType":"histogram","type":"metric.1","tags":{},"values":{"count":3,"max":243768,"p95":243768,"p99":243768}}
{"type":"metric.1","time":"2025-08-23T17:57:23.996488445-07:00","metricName":"go.runtime.MemStats.StackInuse","metricType":"gauge","tags":{},"values":{"value":819200}}
{"time":"2025-08-23T17:57:24.000232235-07:00","metricName":"go.runtime.NumGoroutine","metricType":"gauge","type":"metric.1","tags":{},"values":{"value":13}}
{"metricType":"gauge","type":"metric.1","time":"2025-08-23T17:57:24.000734207-07:00","metricName":"go.runtime.NumThread","tags":{},"values":{"value":12}}
{"type":"metric.1","time":"2025-08-23T17:57:24.001402901-07:00","metricName":"go.runtime.ReadMemStats","metricType":"timer","tags":{},"values":{"count":22,"max":1015886,"p95":950259.4999999991,"p99":1015886}}
{"type":"metric.1","time":"2025-08-23T17:57:24.002031851-07:00","metricName":"logging.sls.length","metricType":"histogram","tags":{"type":"metrics"},"values":{"count":653,"max":245,"p95":245,"p99":245}}
{"time":"2025-08-23T17:57:24.002565212-07:00","metricName":"logging.sls.length","metricType":"histogram","type":"metric.1","tags":{"type":"request"},"values":{"count":2,"max":1069,"p95":1069,"p99":1069}}
{"type":"metric.1","time":"2025-08-23T17:57:24.003342864-07:00","metricName":"logging.sls.length","metricType":"histogram","tags":{"type":"service"},"values":{"count":8,"max":258,"p95":258,"p99":258}}
{"type":"metric.1","time":"2025-08-23T17:57:24.004165976-07:00","metricName":"logging.sls","metricType":"meter","tags":{"level":"debug","type":"service.1"},"values":{"count":1}}
{"type":"metric.1","time":"2025-08-23T17:57:24.004745159-07:00","metricName":"logging.sls","metricType":"meter","tags":{"level":"info","type":"service.1"},"values":{"count":8}}
{"time":"2025-08-23T17:57:24.005325745-07:00","metricName":"logging.sls","metricType":"meter","type":"metric.1","tags":{"type":"metric.1"},"values":{"count":658}}
{"metricType":"meter","type":"metric.1","time":"2025-08-23T17:57:24.006207061-07:00","metricName":"logging.sls","tags":{"type":"request.2"},"values":{"count":2}}
{"metricType":"counter","type":"metric.1","time":"2025-08-23T17:57:24.006951753-07:00","metricName":"server.conn_state_change","tags":{"state":"active"},"values":{"count":3}}
{"time":"2025-08-23T17:57:24.007722583-07:00","metricName":"server.conn_state_change","metricType":"counter","type":"metric.1","tags":{"state":"closed"},"values":{"count":4}}
{"type":"metric.1","time":"2025-08-23T17:57:24.008405595-07:00","metricName":"server.conn_state_change","metricType":"counter","tags":{"state":"idle"},"values":{"count":3}}
{"type":"metric.1","time":"2025-08-23T17:57:24.00940843-07:00","metricName":"server.conn_state_change","metricType":"counter","tags":{"state":"new"},"values":{"count":4}}
{"metricType":"gauge","type":"metric.1","time":"2025-08-23T17:57:24.010342788-07:00","metricName":"server.metric_cardinality","tags":{},"values":{"value":54}}
{"type":"metric.1","time":"2025-08-23T17:57:24.010970272-07:00","metricName":"server.request.size","metricType":"histogram","tags":{"endpoint":"get","method":"get","service-name":"mynumberservice"},"values":{"count":2,"max":0,"p95":0,"p99":0}}
{"type":"metric.1","time":"2025-08-23T17:57:24.011584235-07:00","metricName":"server.response.size","metricType":"histogram","tags":{"endpoint":"get","method":"get","service-name":"mynumberservice"},"values":{"count":2,"max":6,"p95":6,"p99":6}}
{"type":"metric.1","time":"2025-08-23T17:57:24.012153047-07:00","metricName":"server.response","metricType":"timer","tags":{"endpoint":"get","method":"get","service-name":"mynumberservice"},"values":{"count":2,"max":3301,"p95":3301,"p99":3301}}
{"type":"metric.1","time":"2025-08-23T17:57:24.012750647-07:00","metricName":"server.uptime","metricType":"gauge","tags":{"go_arch":"amd64","go_os":"linux","go_version":"go1.25.0"},"values":{"value":635250285}}
{"metricName":"go.runtime.MemStats.Alloc","metricType":"gauge","type":"metric.1","time":"2025-08-23T17:57:49.155588757-07:00","tags":{},"values":{"value":961816}}
{"type":"metric.1","time":"2025-08-23T17:57:49.167200577-07:00","metricName":"go.runtime.MemStats.GCCPUFraction","metricType":"gauge","tags":{},"values":{"value":0}}
{"type":"metric.1","time":"2025-08-23T17:57:49.167700984-07:00","metricName":"go.runtime.MemStats.HeapAlloc","metricType":"gauge","tags":{},"values":{"value":961816}}
{"time":"2025-08-23T17:57:49.168172743-07:00","metricName":"go.runtime.MemStats.HeapIdle","metricType":"gauge","type":"metric.1","tags":{},"values":{"value":1368064}}
{"type":"metric.1","time":"2025-08-23T17:57:49.168979439-07:00","metricName":"go.runtime.MemStats.HeapInuse","metricType":"gauge","tags":{},"values":{"value":2236416}}
{"type":"metric.1","time":"2025-08-23T17:57:49.169628018-07:00","metricName":"go.runtime.MemStats.HeapObjects","metricType":"gauge","tags":{},"values":{"value":4596}}
{"metricType":"gauge","type":"metric.1","time":"2025-08-23T17:57:49.170137968-07:00","metricName":"go.runtime.MemStats.HeapReleased","tags":{},"values":{"value":1335296}}
{"type":"metric.1","time":"2025-08-23T17:57:49.170921954-07:00","metricName":"go.runtime.MemStats.HeapSys","metricType":"gauge","tags":{},"values":{"value":3604480}}
{"type":"metric.1","time":"2025-08-23T17:57:49.171613835-07:00","metricName":"go.runtime.MemStats.NumGC","metricType":"gauge","tags":{},"values":{"value":0}}
{"metricType":"histogram","type":"metric.1","time":"2025-08-23T17:57:49.172391489-07:00","metricName":"go.runtime.MemStats.PauseNs","tags":{},"values":{"count":0,"max":0,"p95":0,"p99":0}}
{"type":"metric.1","time":"2025-08-23T17:57:49.173227345-07:00","metricName":"go.runtime.MemStats.StackInuse","metricType":"gauge","tags":{},"values":{"value":589824}}
{"type":"metric.1","time":"2025-08-23T17:57:49.173795418-07:00","metricName":"go.runtime.NumGoroutine","metricType":"gauge","tags":{},"values":{"value":8}}
{"type":"metric.1","time":"2025-08-23T17:57:49.174558875-07:00","metricName":"go.runtime.NumThread","metricType":"gauge","tags":{},"values":{"value":8}}
{"metricType":"timer","type":"metric.1","time":"2025-08-23T17:57:49.175369046-07:00","metricName":"go.runtime.ReadMemStats","tags":{},"values":{"count":0,"max":0,"p95":0,"p99":0}}
{"time":"2025-08-23T17:57:49.176414998-07:00","metricName":"go.runtime.ReadMemStats","metricType":"timer","type":"metric.1","tags":{},"values":{"count":1,"max":1236898,"p95":1236898,"p99":1236898}}
{"type":"metric.1","time":"2025-08-23T17:57:49.17704994-07:00","metricName":"logging.sls.length","metricType":"histogram","tags":{"type":"service"},"values":{"count":0,"max":0,"p95":0,"p99":0}}
{"type":"metric.1","time":"2025-08-23T17:57:49.177843442-07:00","metricName":"logging.sls.length","metricType":"histogram","tags":{"type":"service"},"values":{"count":5,"max":232,"p95":232,"p99":232}}
{"type":"metric.1","time":"2025-08-23T17:57:49.178628481-07:00","metricName":"logging.sls","metricType":"meter","tags":{"level":"debug","type":"service.1"},"values":{"count":0}}
{"type":"metric.1","time":"2025-08-23T17:57:49.179388631-07:00","metricName":"logging.sls","metricType":"meter","tags":{"level":"debug","type":"service.1"},"values":{"count":1}}
{"time":"2025-08-23T17:57:49.181498247-07:00","metricName":"logging.sls","metricType":"meter","type":"metric.1","tags":{"level":"info","type":"service.1"},"values":{"count":0}}
{"metricType":"meter","type":"metric.1","time":"2025-08-23T17:57:49.182300536-07:00","metricName":"logging.sls","tags":{"level":"info","type":"service.1"},"values":{"count":4}}
{"type":"metric.1","time":"2025-08-23T17:57:49.183001148-07:00","metricName":"server.metric_cardinality","metricType":"gauge","tags":{},"values":{"value":27}}
{"type":"metric.1","time":"2025-08-23T17:57:49.183904812-07:00","metricName":"server.uptime","metricType":"gauge","tags":{"go_arch":"amd64","go_os":"linux","go_version":"go1.25.0"},"values":{"value":6760936}}
